# Blender 4.5.4 LTS
# www.blender.org
mtllib nerfgogh.mtl
o RenderMesh_6907192231
v 3.172829 8.678255 -25.057734
v 1.845115 6.966866 -25.078028
v 1.608618 7.854059 -25.069963
v 3.169147 5.862413 -25.085340
v 2.024819 9.828189 -25.049503
v 1.606313 6.080296 -25.087339
v 0.960202 8.504157 -25.065302
v 1.504180 4.409304 -25.103991
v 0.075021 9.830788 -25.054651
v 0.956189 5.431931 -25.095417
v 0.073594 8.742985 -25.065313
v 0.067938 4.411214 -25.107775
v -0.813624 8.506527 -25.069975
v 0.068958 5.195472 -25.100080
v -1.874776 9.833386 -25.059786
v -0.817650 5.434300 -25.100092
v -1.463748 7.858160 -25.078054
v -1.368316 4.413138 -25.111559
v -3.025792 8.686523 -25.074066
v -1.466066 6.084399 -25.095430
v -1.702563 6.971591 -25.087378
v -3.029474 5.870667 -25.101671
v 0.867484 5.583557 -24.923294
v 1.452776 6.167269 -24.916031
v 0.956189 5.431931 -25.095417
v 1.606313 6.080296 -25.087339
v 0.068958 5.195472 -25.100080
v 1.667781 6.965425 -24.907637
v 0.068741 5.370679 -24.927498
v 1.845115 6.966866 -25.078028
v -0.729454 5.585684 -24.927498
v 1.454865 7.764143 -24.900375
v -0.817650 5.434300 -25.100092
v 1.608618 7.854059 -25.069963
v -1.313218 6.170963 -24.923306
v 0.871114 8.349435 -24.896183
v -1.466066 6.084399 -25.095430
v 0.960202 8.504157 -25.065302
v -1.526121 6.969681 -24.916044
v 0.073594 8.742985 -25.065313
v -1.702563 6.971591 -25.087378
v 0.072919 8.564441 -24.896183
v -1.311128 7.767838 -24.907661
v -0.813624 8.506527 -25.069975
v -1.463748 7.858160 -25.078054
v -0.725836 8.351550 -24.900387
v 0.865688 5.576856 -24.239817
v 0.069021 6.960865 -24.228352
v 1.450967 6.160581 -24.232544
v 1.665972 6.958724 -24.224148
v 0.066932 5.363978 -24.244009
v 1.453056 7.757455 -24.216887
v -0.731263 5.578983 -24.244009
v 0.869293 8.342734 -24.212696
v -1.315027 6.164275 -24.239817
v 0.071110 8.557740 -24.212696
v -1.527930 6.962993 -24.232557
v -0.727645 8.344862 -24.216900
v -1.312937 7.761137 -24.224174
v 0.070779 9.003674 -23.862497
v 2.091880 10.394320 -23.843531
v 3.449493 8.999165 -23.853605
v 0.072601 10.397009 -23.848843
v -1.946678 10.399710 -23.854155
v -3.307947 9.008171 -23.871403
v -3.311221 6.498968 -23.895990
v 0.067492 6.494471 -23.887098
v 3.446206 6.489962 -23.878193
v -3.312406 5.591697 -23.904896
v 0.066308 5.587200 -23.895990
v 3.445034 5.582704 -23.887085
v -2.235037 4.621888 -23.911547
v 2.365117 4.615760 -23.899418
v 0.065034 4.618818 -23.905483
v -1.347945 3.823362 -23.917025
v 1.475949 3.819591 -23.909584
v 0.064002 3.821489 -23.913303
v -1.078425 -10.948503 25.106321
v -2.924064 -11.405763 24.411533
v -1.340948 -12.351890 23.099094
v -3.311154 -12.128464 22.735102
v -0.552359 -12.150834 23.499395
v -1.609217 -12.670899 22.139961
v 0.387946 -12.152082 23.501869
v 0.908751 -10.951153 25.111559
v -0.078792 -12.831113 21.860035
v -1.426023 -12.977795 20.457401
v -3.072518 -13.029773 17.801744
v 1.178102 -12.355240 23.105732
v 2.756785 -11.413330 24.426489
v 3.150780 -12.137050 22.752121
v -0.739235 -13.168914 19.776423
v -2.108377 -13.231580 17.069221
v 1.974934 -13.237032 17.079987
v 1.450563 -12.674976 22.148026
v 1.275407 -12.981388 20.464521
v 2.935737 -13.037786 17.817579
v 0.591715 -13.170684 19.779926
v -0.995851 12.627789 -18.634489
v -0.549623 12.016572 -18.639292
v -1.160280 12.017388 -18.640898
v -0.997456 11.406540 -18.646465
v -0.467415 12.321774 -18.636095
v -0.468205 11.711155 -18.642069
v -0.548235 13.074207 -18.628923
v -0.551012 10.958924 -18.649662
v -0.243607 12.544982 -18.633305
v -0.244983 11.487347 -18.643675
v 0.062626 13.237032 -18.625711
v 0.060231 11.405127 -18.643675
v 0.061836 12.626375 -18.631699
v 0.059441 10.794495 -18.649662
v 0.673078 13.072577 -18.625711
v 0.365674 11.486519 -18.642069
v 0.367050 12.544167 -18.631699
v 0.670314 10.957306 -18.646439
v 0.590272 12.320359 -18.633291
v 0.589482 11.709741 -18.639280
v 1.119522 12.624961 -18.628923
v 1.117917 11.403711 -18.640884
v 0.671690 12.014941 -18.636082
v 1.282346 12.014127 -18.634464
v 0.058409 10.260122 -18.531540
v 0.593584 10.907380 -18.523783
v 1.005848 10.258874 -18.529045
v 0.059097 10.785374 -18.526394
v -0.475071 10.908807 -18.526598
v -0.889030 10.261396 -18.534037
v 2.513533 8.415503 -18.715565
v 3.431544 6.435678 -18.338003
v 2.511520 6.881434 -18.730597
v 3.434830 8.944880 -18.313402
v -3.325884 6.444685 -18.355799
v -2.400613 8.422050 -18.728508
v -2.402625 6.887995 -18.743540
v -3.322598 8.953876 -18.331211
v 0.075021 9.830788 -25.054651
v 0.072626 10.279398 -23.917393
v 2.024819 9.828189 -25.049503
v 2.069751 10.276723 -23.912130
v -1.874776 9.833386 -25.059786
v -1.924499 10.282047 -23.922668
v 3.201087 -0.135561 15.268171
v 2.555703 1.633896 17.241932
v 3.175175 -0.417525 15.586493
v 2.567359 -1.895705 13.774997
v 2.582800 1.909337 16.913279
v 0.947082 2.981597 17.746023
v 2.612929 -1.646469 13.480115
v 0.960077 -2.611425 11.683880
v 3.532289 3.467254 11.200912
v 1.040476 -2.148789 11.557809
v 3.195354 1.538133 9.712170
v 2.066225 0.024728 8.660127
v 2.929022 5.428810 12.713844
v 1.002792 3.248414 17.449739
v 1.714588 6.657779 13.663819
v -1.776960 6.662442 13.654620
v -1.094223 3.251217 17.444210
v -1.040781 2.984247 17.740786
v -2.989661 5.436695 12.698252
v -2.674943 1.916343 16.899418
v -2.650318 1.640838 17.228210
v -3.590177 3.476757 11.182171
v -3.290021 -0.126911 15.251076
v -3.266529 -0.408939 15.569511
v -2.653121 -1.888737 13.761237
v -2.696486 -1.639386 13.466126
v -1.036755 -2.608762 11.678618
v -3.250541 1.546719 9.695201
v -1.115256 -2.145910 11.552140
v -2.119933 0.030294 8.649095
v 2.024819 9.828189 -25.049503
v 2.069751 10.276723 -23.912130
v 3.172829 8.678255 -25.057734
v 3.412510 8.931721 -23.921762
v -3.025792 8.686523 -25.074066
v -3.270773 8.940626 -23.939369
v -1.924499 10.282047 -23.922668
v -1.874776 9.833386 -25.059786
v -2.802465 -5.149559 21.461964
v -2.924064 -11.405763 24.411533
v -1.078425 -10.948503 25.106321
v -3.311154 -12.128464 22.735102
v -1.114898 -4.133824 22.859440
v -3.439913 -6.237974 19.428022
v 0.908751 -10.951153 25.111559
v -3.072518 -13.029773 17.801744
v 0.975238 -4.136614 22.864956
v -2.784108 -7.165883 17.022684
v -1.093305 -7.442381 15.201861
v -2.108377 -13.231580 17.069221
v 2.667417 -5.156846 21.476358
v 2.756785 -11.413330 24.426489
v 3.150780 -12.137050 22.752121
v 3.312674 -6.246967 19.445818
v 2.935737 -13.037786 17.817579
v 2.667072 -7.173157 17.037043
v 0.985162 -7.445158 15.207339
v 1.974934 -13.237032 17.079987
v -1.460154 8.350901 13.045466
v 1.405488 8.347078 13.053022
v -1.455580 8.664879 11.471180
v 1.410062 8.661057 11.478709
v -1.450497 8.716168 9.565156
v 1.415145 8.712334 9.572710
v 1.400686 7.631296 14.517456
v -1.464957 7.635118 14.509914
v 1.396431 6.781658 15.701404
v -1.469211 6.785467 15.693850
v 1.392609 5.712213 16.610624
v -1.473033 5.716048 16.603069
v 1.389106 4.364180 17.256109
v -1.476536 4.368015 17.248556
v 1.385679 2.477851 17.601759
v -1.479963 2.481660 17.594206
v 3.416511 6.379994 -12.655549
v 2.498717 8.360646 -13.118223
v 3.419785 8.889184 -12.630961
v 2.496704 6.826591 -13.133268
v -2.415441 8.367194 -13.131179
v -3.340929 6.389000 -12.673359
v -3.337643 8.898204 -12.648758
v -2.417441 6.833151 -13.146213
v 1.061866 -6.333762 14.725467
v 1.051866 -6.301378 14.910330
v 0.667514 -6.546831 15.012502
v 1.076147 -6.256242 14.809141
v -1.109994 -2.851361 22.669378
v -1.114898 -4.133824 22.859440
v 0.975238 -4.136614 22.864956
v -2.794096 -4.626882 21.187019
v -2.802465 -5.149559 21.461964
v -2.650318 1.640838 17.228210
v -1.040781 2.984247 17.740786
v -3.266529 -0.408939 15.569511
v 0.974753 -2.854138 22.674870
v 0.947082 2.981597 17.746023
v 2.555703 1.633896 17.241932
v -3.430843 -5.936111 19.242788
v -3.439913 -6.237974 19.428022
v -2.784108 -7.165883 17.022684
v 2.661900 -4.634156 21.201376
v 3.175175 -0.417525 15.586493
v 2.667417 -5.156846 21.476358
v -2.777178 -6.886810 16.837896
v -1.093305 -7.442381 15.201861
v -2.653121 -1.888737 13.761237
v -1.089878 -7.243339 14.818886
v -1.036755 -2.608762 11.678618
v 3.305386 -5.945091 19.260548
v 3.312674 -6.246967 19.445818
v 2.667072 -7.173157 17.037043
v 2.661862 -6.894059 16.852217
v 0.985162 -7.445158 15.207339
v 2.567359 -1.895705 13.774997
v 0.984283 -7.246116 14.824338
v 0.960077 -2.611425 11.683880
v 0.447909 8.742679 13.314718
v -0.507696 9.116076 15.321193
v -0.502906 8.743940 13.312220
v 0.443106 9.114801 15.323690
v -0.503160 7.587026 12.826564
v 0.447642 7.585739 12.829075
v 0.444724 5.952569 13.107140
v -0.506078 5.953844 13.104643
v -2.074225 9.285803 8.653769
v 2.045191 9.280313 8.664624
v -1.862851 9.615477 6.984064
v 1.843486 9.610535 6.993823
v 2.001278 8.513494 10.419125
v -2.041599 8.518897 10.408475
v 1.822925 7.220497 11.989207
v -1.874978 7.225440 11.979449
v 1.476142 5.810448 13.577599
v -1.540336 5.814473 13.569648
v -0.771276 0.852899 7.631142
v 0.720344 -0.836006 8.605385
v 0.725160 0.850899 7.635079
v -0.776079 -0.834006 8.601449
v 0.718255 -2.153847 8.730412
v -0.778168 -2.151846 8.726461
v -0.779493 -3.445749 8.575843
v 0.716930 -3.447749 8.579779
v -0.779849 -4.843899 7.999748
v 0.716586 -4.845900 8.003685
v -2.111896 9.232094 6.081672
v 1.444649 10.238873 5.284114
v -1.462919 10.242733 5.276445
v 2.096276 9.226476 6.092755
v -0.998475 12.618120 -17.647738
v -0.548235 13.074207 -18.628923
v -0.995851 12.627789 -18.634489
v -0.550846 13.064538 -17.642170
v 0.062626 13.237032 -18.625711
v 0.060014 13.227350 -17.638960
v 0.670454 13.062907 -17.638960
v 0.673078 13.072577 -18.625711
v 1.119522 12.624961 -18.628923
v 1.116911 12.615317 -17.642143
v 1.652634 10.402398 -10.045614
v -1.580098 10.406716 -10.054124
v 1.435603 10.559221 -10.044646
v -1.362672 10.562954 -10.052022
v -2.352011 9.390688 -10.066125
v 2.421872 9.384318 -10.053551
v -2.977381 1.894788 -10.141199
v 3.967547 2.390484 -10.117975
v 3.027625 1.886801 -10.125377
v -3.915991 2.400980 -10.138741
v 4.013600 3.553297 -10.106471
v -3.958987 3.563921 -10.127479
v 4.018657 7.416648 -10.068623
v -3.953930 7.427284 -10.089629
v 3.649810 8.661528 -10.057411
v -3.581834 8.671172 -10.076470
v 1.941465 9.777472 -10.051016
v -1.870572 9.782556 -10.061054
v 2.352277 9.228526 5.850195
v 1.728741 10.106802 5.118003
v 2.096276 9.226476 6.092755
v 1.444649 10.238873 5.284114
v 0.067938 4.411214 -25.107775
v 1.460789 3.938565 -23.975855
v 0.064333 3.940425 -23.979538
v 1.504180 4.409304 -25.103991
v -1.332123 3.942285 -23.983219
v -1.368316 4.413138 -25.111559
v -1.390597 10.416640 4.878780
v 1.444649 10.238873 5.284114
v 1.384480 10.412933 4.886093
v -1.462919 10.242733 5.276445
v 3.172829 8.678255 -25.057734
v 3.408204 5.638184 -23.954044
v 3.169147 5.862413 -25.085340
v 3.412510 8.931721 -23.921762
v -3.719165 8.403324 5.700021
v -4.258506 7.289570 6.273542
v -3.447202 7.288487 6.275682
v -3.183940 8.402623 5.701436
v 3.425340 7.279328 6.293785
v 3.703304 8.393438 5.719576
v 3.168091 8.394139 5.718163
v 4.236644 7.278245 6.295926
v -1.737991 10.120077 5.115379
v -2.111896 9.232094 6.081672
v -1.462919 10.242733 5.276445
v -2.366610 9.234820 5.837761
v 1.444649 10.238873 5.284114
v 1.616161 10.242517 4.885036
v 1.384480 10.412933 4.886093
v 1.728741 10.106802 5.118003
v -3.025792 8.686523 -25.074066
v -3.275079 5.647075 -23.971651
v -3.270773 8.940626 -23.939369
v -3.029474 5.870667 -25.101671
v -4.264022 3.076022 6.232241
v -3.447202 7.288487 6.275682
v -4.258506 7.289570 6.273542
v -3.452718 3.074940 6.234368
v 3.419824 3.065780 6.252471
v 4.236644 7.278245 6.295926
v 3.425340 7.279328 6.293785
v 4.231141 3.064698 6.254611
v 0.363062 11.476862 -17.655304
v 0.365674 11.486519 -18.642069
v 0.057619 11.395457 -17.656908
v 0.060231 11.405127 -18.643675
v -0.244983 11.487347 -18.643675
v -0.247594 11.477665 -17.656921
v 1.460789 3.938565 -23.975855
v 1.504180 4.409304 -25.103991
v 3.169147 5.862413 -25.085340
v 3.408204 5.638184 -23.954044
v -1.622723 10.246835 4.876500
v -1.462919 10.242733 5.276445
v -1.390597 10.416640 4.878780
v -1.737991 10.120077 5.115379
v -4.084649 1.996551 5.636273
v -3.452718 3.074940 6.234368
v -4.264022 3.076022 6.232241
v -3.192322 1.995354 5.638630
v 3.419824 3.065780 6.252471
v 4.052036 1.985698 5.657701
v 4.231141 3.064698 6.254611
v 3.159709 1.986883 5.655357
v -3.275079 5.647075 -23.971651
v -3.029474 5.870667 -25.101671
v -1.332123 3.942285 -23.983219
v -1.368316 4.413138 -25.111559
v 1.384480 10.412933 4.886093
v -1.362672 10.562954 -10.052022
v -1.390597 10.416640 4.878780
v 1.435603 10.559221 -10.044646
v 1.616161 10.242517 4.885036
v 1.435603 10.559221 -10.044646
v 1.384480 10.412933 4.886093
v 1.652634 10.402398 -10.045614
v 2.076847 10.338675 -18.164898
v 0.072601 10.397009 -23.848843
v 0.057568 10.341362 -18.170210
v 2.091880 10.394320 -23.843531
v -1.946678 10.399710 -23.854155
v 2.062171 10.284340 -12.620885
v -1.961711 10.344064 -18.175535
v 0.042893 10.287041 -12.626197
v 2.055713 10.260403 -10.178348
v -1.976386 10.289742 -12.631522
v 0.036421 10.263117 -10.183660
v -1.982858 10.265792 -10.188985
v -0.844439 -6.497719 10.693649
v 0.667514 -6.546831 15.012502
v -0.772244 -6.544919 15.008705
v 0.762564 -6.499847 10.697879
v -0.836757 -6.383892 4.850448
v 0.785966 -6.386045 4.854715
v -0.831368 -6.234534 3.402104
v 0.788616 -6.236700 3.406359
v -0.826591 -5.414554 1.741481
v 0.794769 -5.416707 1.745748
v -0.810208 -1.639692 -3.133363
v 0.814145 -1.641845 -3.129083
v -0.773264 0.571342 -6.185423
v 0.799176 0.569253 -6.181270
v -1.390597 10.416640 4.878780
v -1.362672 10.562954 -10.052022
v -1.622723 10.246835 4.876500
v -1.580098 10.406716 -10.054124
v 1.843486 9.610535 6.993823
v -1.870572 9.782556 -10.061054
v -1.862851 9.615477 6.984064
v 1.941465 9.777472 -10.051016
v 4.264021 7.379576 -4.044736
v 3.703304 8.393438 5.719576
v 4.236644 7.278245 6.295926
v 3.727572 8.483290 -3.449482
v -1.770234 -0.074284 -5.663408
v -2.017814 1.880329 -8.793471
v 1.791661 -0.079036 -5.654032
v 2.060936 1.874889 -8.782720
v 2.421872 9.384318 -10.053551
v 1.616161 10.242517 4.885036
v 2.354850 9.238069 4.877150
v 1.652634 10.402398 -10.045614
v 2.354850 9.238069 4.877150
v 1.728741 10.106802 5.118003
v 2.352277 9.228526 5.850195
v 0.762564 -6.499847 10.697879
v 1.101562 -6.040154 4.876385
v 1.083294 -6.157077 10.703636
v 1.061866 -6.333762 14.725467
v 0.667514 -6.546831 15.012502
v 0.785966 -6.386045 4.854715
v 1.103524 -5.903956 3.503153
v 0.788616 -6.236700 3.406359
v 0.794769 -5.416707 1.745748
v 1.109715 -5.123711 1.930242
v 0.814145 -1.641845 -3.129083
v 1.129168 -1.363511 -2.918893
v 1.139359 0.614440 -5.632935
v 0.799176 0.569253 -6.181270
v 2.354850 9.238069 4.877150
v 1.616161 10.242517 4.885036
v 1.728741 10.106802 5.118003
v -4.258506 7.289570 6.273542
v -3.694884 8.493176 -3.469024
v -4.231129 7.390901 -4.067120
v -3.719165 8.403324 5.700021
v 3.449073 8.997610 -23.694376
v 2.076847 10.338675 -18.164898
v 3.434830 8.944880 -18.313402
v 3.434091 8.942167 -18.036560
v 2.091880 10.394320 -23.843531
v 2.062171 10.284340 -12.620885
v 3.449493 8.999165 -23.853605
v 3.419785 8.889184 -12.630961
v 3.413390 8.921682 -10.187877
v 2.055713 10.260403 -10.178348
v 3.445786 6.488420 -23.718962
v 3.446206 6.489962 -23.878193
v 3.445034 5.582704 -23.887085
v 3.429989 5.527044 -18.208467
v 3.431544 6.435678 -18.338003
v 3.430817 6.432965 -18.061146
v 3.434830 8.944880 -18.313402
v 3.434091 8.942167 -18.036560
v 3.415314 5.472723 -12.664454
v 3.416511 6.379994 -12.655549
v 3.413122 5.367533 -11.885445
v 3.410370 6.613395 -10.210503
v 3.419785 8.889184 -12.630961
v 3.413390 8.921682 -10.187877
v 3.410383 5.010444 -11.023233
v 3.407479 4.401482 -10.232184
v -1.580098 10.406716 -10.054124
v -2.364037 9.244349 4.864716
v -1.622723 10.246835 4.876500
v -2.352011 9.390688 -10.066125
v -2.366610 9.234820 5.837761
v -1.737991 10.120077 5.115379
v -2.364037 9.244349 4.864716
v 4.258505 3.166028 -4.086038
v 4.052036 1.985698 5.657701
v 4.076304 2.075562 -3.511345
v 4.231141 3.064698 6.254611
v -0.844439 -6.497719 10.693649
v -1.164506 -6.330794 14.719607
v -1.164264 -6.154071 10.697725
v -1.151525 -6.037148 4.870436
v -0.772244 -6.544919 15.008705
v -1.155398 -6.298435 14.904521
v -1.179029 -6.253222 14.803205
v -0.836757 -6.383892 4.850448
v -1.145894 -5.900975 3.497230
v -0.831368 -6.234534 3.402104
v -0.826591 -5.414554 1.741481
v -1.141716 -5.120704 1.924318
v -0.810208 -1.639692 -3.133363
v -1.125588 -1.360518 -2.924843
v -1.116199 0.617459 -5.638872
v -0.773264 0.571342 -6.185423
v -3.694884 8.493176 -3.469024
v -3.719165 8.403324 5.700021
v -3.183940 8.402623 5.701436
v -3.159671 8.492462 -3.467623
v 3.192359 8.483991 -3.450884
v 3.703304 8.393438 5.719576
v 3.727572 8.483290 -3.449482
v 3.168091 8.394139 5.718163
v 4.264021 7.379576 -4.044736
v 4.231141 3.064698 6.254611
v 4.258505 3.166028 -4.086038
v 4.236644 7.278245 6.295926
v 1.005848 10.258874 -18.529045
v 0.591622 10.900131 -17.783718
v 1.003886 10.251613 -17.788980
v 0.593584 10.907380 -18.523783
v 3.471597 8.494704 6.987210
v 1.941465 9.777472 -10.051016
v 1.843486 9.610535 6.993823
v 3.649810 8.661528 -10.057411
v 4.018657 7.416648 -10.068623
v 3.213889 8.224410 8.490768
v 2.045191 9.280313 8.664624
v 3.973522 7.249632 6.976331
v 2.001278 8.513494 10.419125
v 3.969497 3.420614 6.568360
v 4.013600 3.553297 -10.106471
v 3.967547 2.390484 -10.117975
v 3.923915 2.228934 6.365828
v 2.948347 7.518882 10.074037
v 3.601413 7.040131 8.309905
v 1.822925 7.220497 11.989207
v 2.242182 2.449149 11.282508
v 1.590327 1.678815 11.281527
v 3.383338 6.396861 9.718897
v 3.060251 5.675791 11.050253
v 2.290376 4.892220 12.376629
v 2.570060 6.508892 11.525705
v 2.156267 5.408490 12.984903
v 1.476142 5.810448 13.577599
v -2.364037 9.244349 4.864716
v -1.737991 10.120077 5.115379
v -1.622723 10.246835 4.876500
v -1.961711 10.344064 -18.175535
v -1.946678 10.399710 -23.854155
v -3.308355 9.006617 -23.712172
v -3.307947 9.008171 -23.871403
v -3.322598 8.953876 -18.331211
v -3.323337 8.951174 -18.054356
v -1.976386 10.289742 -12.631522
v -3.337643 8.898204 -12.648758
v -3.344038 8.930701 -10.205674
v -1.982858 10.265792 -10.188985
v -3.311642 6.497426 -23.736773
v -3.311221 6.498968 -23.895990
v -3.312406 5.591697 -23.904896
v -3.327438 5.536063 -18.226263
v -3.325884 6.444685 -18.355799
v -3.326623 6.441971 -18.078957
v -3.322598 8.953876 -18.331211
v -3.323337 8.951174 -18.054356
v -3.342114 5.481729 -12.682263
v -3.340929 6.389000 -12.673359
v -3.344305 5.376539 -11.903254
v -3.347057 6.622401 -10.228299
v -3.337643 8.898204 -12.648758
v -3.344038 8.930701 -10.205674
v -3.347057 5.019450 -11.041031
v -3.349949 4.410488 -10.249982
v -3.694884 8.493176 -3.469024
v -3.419825 7.389818 -4.064979
v -4.231129 7.390901 -4.067120
v -3.159671 8.492462 -3.467623
v 3.452717 7.380659 -4.046877
v 3.727572 8.483290 -3.449482
v 4.264021 7.379576 -4.044736
v 3.192359 8.483991 -3.450884
v -1.770234 -0.074284 -5.663408
v 1.505392 -0.194163 6.127241
v -1.546336 -0.190087 6.119190
v 1.791661 -0.079036 -5.654032
v 1.377029 -0.244331 11.262112
v -1.445172 -0.240561 11.254672
v -4.264022 3.076022 6.232241
v -4.060381 2.086403 -3.532785
v -4.084649 1.996551 5.636273
v -4.236645 3.177353 -4.108421
v 3.431544 6.435678 -18.338003
v 3.445786 6.488420 -23.718962
v 2.523190 6.924608 -23.136742
v 2.511520 6.881434 -18.730597
v 3.430817 6.432965 -18.061146
v 2.496704 6.826591 -13.133268
v 3.416511 6.379994 -12.655549
v 2.508883 6.871689 -17.735308
v -4.231129 7.390901 -4.067120
v -4.264022 3.076022 6.232241
v -4.258506 7.289570 6.273542
v -4.236645 3.177353 -4.108421
v -0.475071 10.908807 -18.526598
v -0.890979 10.254148 -17.793972
v -0.477020 10.901558 -17.786520
v -0.889030 10.261396 -18.534037
v -3.915991 2.400980 -10.138741
v -3.959624 2.239456 6.345062
v -4.003091 3.431239 6.547366
v -3.958987 3.563921 -10.127479
v -3.953930 7.427284 -10.089629
v -2.303230 2.455225 11.270546
v -1.633475 1.683121 11.273030
v -3.111464 5.684021 11.033998
v -2.350685 4.898425 12.364412
v -3.999053 7.260269 6.955337
v -3.581834 8.671172 -10.076470
v -3.425608 6.405931 9.700947
v -2.621553 6.515823 11.512036
v -2.218397 5.414325 12.973374
v -1.874978 7.225440 11.979449
v -1.540336 5.814473 13.569648
v -2.989496 7.526793 10.058393
v -2.041599 8.518897 10.408475
v -3.634537 7.049774 8.290847
v -3.244809 8.233022 8.473761
v -2.074225 9.285803 8.653769
v -1.862851 9.615477 6.984064
v -3.493867 8.503991 6.968853
v -1.870572 9.782556 -10.061054
v -2.390956 6.931157 -23.149685
v -3.325884 6.444685 -18.355799
v -2.402625 6.887995 -18.743540
v -3.311642 6.497426 -23.736773
v -2.417441 6.833151 -13.146213
v -3.326623 6.441971 -18.078957
v -3.340929 6.389000 -12.673359
v -2.405250 6.878250 -17.748251
v -3.883747 7.633410 7.643920
v -3.883683 7.943796 7.776068
v -3.882524 7.948114 7.335318
v -3.882932 8.256730 7.650023
v -3.883098 7.507378 7.330999
v -3.881938 8.388865 7.339650
v -3.882104 7.639512 7.020614
v -3.881289 8.262833 7.026715
v -3.881352 7.952433 6.894568
v 2.984298 1.726372 6.244292
v 3.027625 1.886801 -10.125377
v 3.967547 2.390484 -10.117975
v 3.923915 2.228934 6.365828
v 1.590327 1.678815 11.281527
v -3.023614 9.392242 -22.195837
v -1.786886 9.700985 -22.060429
v -3.023550 9.702628 -22.063690
v -1.786962 9.390599 -22.192575
v -3.022799 10.015550 -22.189735
v -1.786147 10.013906 -22.186460
v -3.021805 10.147696 -22.500109
v -1.785154 10.146053 -22.496845
v -1.784491 10.020008 -22.809769
v -3.021142 10.021665 -22.813028
v -3.021219 9.711266 -22.945175
v -1.784555 9.709622 -22.941916
v -1.785306 9.396701 -22.815882
v -3.021958 9.398344 -22.819145
v -1.786300 9.264554 -22.505484
v -3.022951 9.266197 -22.508759
v -3.023614 9.392242 -22.195837
v -1.786962 9.390599 -22.192575
v 0.642098 10.712045 15.413287
v -0.850962 10.716962 14.905987
v -0.702904 10.713828 15.409746
v 0.792832 10.714758 14.910306
v 0.887537 10.134115 14.279125
v -0.943897 10.136562 14.274297
v 0.959184 9.726731 13.641601
v -1.013277 9.729369 13.636402
v 1.070311 9.720438 12.659739
v -1.119244 9.723355 12.653969
v -1.232817 10.058685 12.074881
v 1.187833 10.055449 12.081251
v -1.230307 10.074750 11.131582
v 1.190330 10.071527 11.137965
v 1.193031 9.805767 9.979445
v -1.227607 9.809003 9.973076
v 0.656939 9.108316 8.967112
v -0.688049 9.110113 8.963582
v -3.915991 2.400980 -10.138741
v -3.020720 1.734372 6.228470
v -3.959624 2.239456 6.345062
v -1.633475 1.683121 11.273030
v -2.977381 1.894788 -10.141199
v 2.525189 8.458664 -23.121695
v 2.511520 6.881434 -18.730597
v 2.523190 6.924608 -23.136742
v 2.513533 8.415503 -18.715565
v 2.510896 8.405745 -17.720274
v 2.496704 6.826591 -13.133268
v 2.508883 6.871689 -17.735308
v 2.498717 8.360646 -13.118223
v -3.419825 7.389818 -4.064979
v -4.236645 3.177353 -4.108421
v -4.231129 7.390901 -4.067120
v -3.425341 3.176270 -4.106281
v 3.447201 3.167110 -4.088178
v 4.264021 7.379576 -4.044736
v 4.258505 3.166028 -4.086038
v 3.452717 7.380659 -4.046877
v -3.286911 -11.428974 23.172794
v -3.286847 -11.118588 23.304941
v -3.285688 -11.114270 22.864191
v -3.286096 -10.805655 23.178896
v -3.286261 -11.555006 22.859873
v -3.285102 -10.673521 22.868509
v -3.285268 -11.422847 22.549486
v -3.284452 -10.799553 22.555588
v -3.284516 -11.109939 22.423441
v -4.060381 2.086403 -3.532785
v -4.236645 3.177353 -4.108421
v -3.425341 3.176270 -4.106281
v -3.168053 2.085206 -3.530428
v 3.447201 3.167110 -4.088178
v 4.076304 2.075562 -3.511345
v 3.183977 2.076747 -3.513690
v 4.258505 3.166028 -4.086038
v 1.460917 3.763957 -18.230951
v 2.365117 4.615760 -23.899418
v 2.350085 4.560101 -18.220798
v 1.475949 3.819591 -23.909584
v 3.445034 5.582704 -23.887085
v 1.446229 3.709623 -12.686939
v 3.429989 5.527044 -18.208467
v 2.693581 4.505296 -12.675843
v 3.415314 5.472723 -12.664454
v 1.443872 3.474808 -11.909216
v 3.413122 5.367533 -11.885445
v 2.691288 4.329006 -11.897547
v 1.440942 2.973852 -11.048407
v 3.410383 5.010444 -11.023233
v 2.688447 3.893034 -11.036100
v 1.437872 2.232437 -10.258657
v 3.407479 4.401482 -10.232184
v 2.685453 3.211419 -10.245765
v -3.065730 9.415544 -13.580540
v -3.065667 9.725941 -13.448393
v -3.064495 9.730260 -13.889131
v -3.064915 10.038862 -13.574426
v -3.065068 9.289511 -13.893462
v -3.063921 10.170997 -13.884811
v -3.064075 9.421659 -14.203834
v -3.063259 10.044965 -14.197732
v -3.063335 9.734578 -14.329879
v -3.023614 9.392242 -22.195837
v -3.023550 9.702628 -22.063690
v -3.022378 9.706947 -22.504440
v -3.022799 10.015550 -22.189735
v -3.022951 9.266197 -22.508759
v -3.021805 10.147696 -22.500109
v -3.021958 9.398344 -22.819145
v -3.021142 10.021665 -22.813028
v -3.021219 9.711266 -22.945175
v -3.052479 1.371372 17.062304
v -3.052416 1.681757 17.194464
v -3.051256 1.686076 16.753714
v -3.051677 1.994678 17.068432
v -3.051830 1.245340 16.749409
v -3.050670 2.126826 16.758045
v -3.050836 1.377487 16.439009
v -3.050021 2.000781 16.445126
v -3.050085 1.690395 16.312965
v 1.791661 -0.079036 -5.654032
v 1.777011 1.728907 6.146797
v 1.505392 -0.194163 6.127241
v 2.060936 1.874889 -8.782720
v 1.377029 -0.244331 11.262112
v 1.590327 1.678815 11.281527
v 1.415145 8.712334 9.572710
v 1.584249 8.379284 11.383150
v 1.589154 8.426064 9.544595
v 1.585689 6.520180 9.893798
v 1.410062 8.661057 11.478709
v 1.581587 6.508497 11.442707
v 1.578835 3.143937 10.783615
v 1.579829 8.113971 12.926824
v 1.405488 8.347078 13.053022
v 1.575689 5.267833 13.053761
v 1.575204 7.427566 14.333014
v 1.400686 7.631296 14.517456
v 1.571077 6.601598 15.480017
v 1.396431 6.781658 15.701404
v 1.571064 3.939189 14.136571
v 1.568708 2.913938 14.512219
v 1.567383 5.573544 16.361057
v 1.392609 5.712213 16.610624
v 1.564083 4.289896 16.964579
v 1.560848 2.503075 17.290686
v 1.389106 4.364180 17.256109
v 1.385679 2.477851 17.601759
v 1.127780 -0.624275 0.321902
v 0.817190 0.028766 0.682992
v 0.816031 -0.480548 0.676698
v 1.129015 0.186813 0.332718
v -2.550620 4.135047 -22.208347
v -2.550544 4.445433 -22.076200
v -2.549385 4.449751 -22.516951
v -2.549793 4.758354 -22.202246
v -2.549958 4.009002 -22.521267
v -2.548812 4.890488 -22.512617
v -2.548964 4.141137 -22.831654
v -2.548149 4.764456 -22.825552
v -2.548213 4.454070 -22.957687
v -2.235037 4.621888 -23.911547
v -1.362978 3.767703 -18.238392
v -2.250069 4.566242 -18.232914
v -1.347945 3.823362 -23.917025
v -3.312406 5.591697 -23.904896
v -3.327438 5.536063 -18.226263
v -1.377653 3.713381 -12.694379
v -3.342114 5.481729 -12.682263
v -2.622917 4.512392 -12.689857
v -1.380023 3.478566 -11.916643
v -3.344305 5.376539 -11.903254
v -2.625197 4.336102 -11.911548
v -1.382953 2.977623 -11.055846
v -3.347057 5.019450 -11.041031
v -2.628051 3.900117 -11.050100
v -1.386023 2.236195 -10.266085
v -3.349949 4.410488 -10.249982
v -2.631044 3.218514 -10.259766
v -2.590251 -4.686732 15.018260
v -2.590187 -4.376346 15.150407
v -2.589028 -4.372015 14.709669
v -2.589436 -4.063426 15.024374
v -2.589601 -4.812764 14.705352
v -2.588442 -3.931266 14.714003
v -2.588608 -4.680617 14.394966
v -2.587792 -4.057311 14.401068
v -2.587856 -4.367709 14.268933
v -2.388956 8.465225 -23.134651
v -2.402625 6.887995 -18.743540
v -2.400613 8.422050 -18.728508
v -2.390956 6.931157 -23.149685
v -2.415441 8.367194 -13.131179
v -2.405250 6.878250 -17.748251
v -2.417441 6.833151 -13.146213
v -2.403250 8.412305 -17.733219
v -0.829050 -0.478357 0.672367
v 0.817190 0.028766 0.682992
v -0.828872 0.030957 0.678647
v 0.816031 -0.480548 0.676698
v -2.017814 1.880329 -8.793471
v -3.020720 1.734372 6.228470
v -2.977381 1.894788 -10.141199
v -1.812937 1.733697 6.137344
v -1.633475 1.683121 11.273030
v 2.060936 1.874889 -8.782720
v 3.027625 1.886801 -10.125377
v 2.984298 1.726372 6.244292
v 1.777011 1.728907 6.146797
v 1.590327 1.678815 11.281527
v 0.064002 3.821489 -23.913303
v 1.460917 3.763957 -18.230951
v 0.048970 3.765830 -18.234673
v 1.475949 3.819591 -23.909584
v -1.347945 3.823362 -23.917025
v 1.446229 3.709623 -12.686939
v -1.362978 3.767703 -18.238392
v 0.034294 3.711496 -12.690660
v 1.443872 3.474808 -11.909216
v -1.377653 3.713381 -12.694379
v 0.031924 3.476681 -11.912936
v 1.440942 2.973852 -11.048407
v -1.380023 3.478566 -11.916643
v 0.028994 2.975737 -11.052127
v 1.437872 2.232437 -10.258657
v -1.382953 2.977623 -11.055846
v 0.025924 2.234322 -10.262377
v -1.386023 2.236195 -10.266085
v -2.142661 1.050476 8.867553
v -1.261060 1.359690 9.002018
v -2.142597 1.360862 8.999700
v -1.261124 1.049304 8.869884
v -2.141846 1.673770 8.873668
v -1.260309 1.672611 8.875985
v -2.140852 1.805917 8.563281
v -1.259315 1.804745 8.565599
v -1.258652 1.678713 8.252679
v -2.140189 1.679885 8.250360
v -2.140253 1.369499 8.118214
v -1.258729 1.368327 8.120531
v -1.259480 1.055406 8.246576
v -2.141005 1.056578 8.244246
v -1.260474 0.923259 8.556962
v -2.141999 0.924431 8.554631
v -2.142661 1.050476 8.867553
v -1.261124 1.049304 8.869884
v -4.060381 2.086403 -3.532785
v -3.192322 1.995354 5.638630
v -4.084649 1.996551 5.636273
v -3.168053 2.085206 -3.530428
v -1.812937 1.733697 6.137344
v -2.017814 1.880329 -8.793471
v -1.770234 -0.074284 -5.663408
v -1.546336 -0.190087 6.119190
v -1.633475 1.683121 11.273030
v -1.445172 -0.240561 11.254672
v 3.183977 2.076747 -3.513690
v 4.052036 1.985698 5.657701
v 3.159709 1.986883 5.655357
v 4.076304 2.075562 -3.511345
v -2.137247 0.874861 -4.766405
v -2.137183 1.185260 -4.634258
v -2.136024 1.189579 -5.075007
v -2.136432 1.498181 -4.760303
v -2.136597 0.748829 -5.079326
v -2.135438 1.630316 -5.070689
v -2.135604 0.880964 -5.389712
v -2.134789 1.504283 -5.383610
v -2.134852 1.193897 -5.515757
v -1.630023 8.383577 11.374679
v -1.634431 8.118264 12.918341
v -1.455580 8.664879 11.471180
v -1.450497 8.716168 9.565156
v -1.625105 8.430344 9.536122
v -1.460154 8.350901 13.045466
v -1.628570 6.524473 9.885325
v -1.632672 6.512791 11.434223
v -1.635424 3.148230 10.775144
v -1.639055 7.431833 14.324529
v -1.464957 7.635118 14.509914
v -1.638571 5.272114 13.045289
v -1.643183 6.605878 15.471545
v -1.469211 6.785467 15.693850
v -1.643195 3.943470 14.128098
v -1.645552 2.918231 14.503749
v -1.646877 5.577824 16.352598
v -1.473033 5.716048 16.603069
v -1.650176 4.294189 16.956108
v -1.653412 2.507368 17.282227
v -1.476536 4.368015 17.248556
v -1.479963 2.481660 17.594206
v -2.142661 1.050476 8.867553
v -2.142597 1.360862 8.999700
v -2.141425 1.365180 8.558963
v -2.141846 1.673770 8.873668
v -2.141999 0.924431 8.554631
v -2.140852 1.805917 8.563281
v -2.141005 1.056578 8.244246
v -2.140189 1.679885 8.250360
v -2.140253 1.369499 8.118214
v 0.792832 10.714758 14.910306
v 0.639333 9.508274 15.856431
v 0.640008 9.119553 15.399337
v 0.639804 10.158130 16.004631
v 0.642098 10.712045 15.413287
v 0.887537 10.134115 14.279125
v 0.726624 8.885476 14.779559
v 0.792233 8.786160 14.160189
v 0.959184 9.726731 13.641601
v 1.101689 8.827600 11.926771
v 1.070311 9.720438 12.659739
v 1.187833 10.055449 12.081251
v 1.190330 10.071527 11.137965
v 1.191617 8.822467 10.017626
v 1.193031 9.805767 9.979445
v 0.656939 9.108316 8.967112
v 0.655792 8.636737 9.163198
v -1.138430 0.189832 0.326731
v -1.139296 -0.621256 0.315928
v -0.828872 0.030957 0.678647
v -0.829050 -0.478357 0.672367
v 1.279735 12.004444 -17.647711
v 1.282346 12.014127 -18.634464
v 1.116911 12.615317 -17.642143
v 1.119522 12.624961 -18.628923
v 1.115306 11.394042 -17.654133
v 1.117917 11.403711 -18.640884
v 1.083294 -6.157077 10.703636
v 1.092530 -4.994812 9.938615
v 1.091638 -4.698197 10.991129
v 1.101562 -6.040154 4.876385
v 1.061866 -6.333762 14.725467
v 1.107677 -4.951154 4.978786
v 1.090925 -3.859708 11.890807
v 1.103524 -5.903956 3.503153
v 1.076147 -6.256242 14.809141
v 1.074975 -2.703544 12.180657
v 1.051866 -6.301378 14.910330
v 1.109613 -4.113224 3.752733
v 1.109715 -5.123711 1.930242
v 1.127780 -0.624275 0.321902
v 1.129168 -1.363511 -2.918893
v 1.129015 0.186813 0.332718
v 1.139359 0.614440 -5.632935
v -0.731263 5.578983 -24.244009
v 0.066932 5.363978 -24.244009
v -0.729454 5.585684 -24.927498
v 0.068741 5.370679 -24.927498
v 0.066932 5.363978 -24.244009
v 0.867484 5.583557 -24.923294
v 0.068741 5.370679 -24.927498
v 0.865688 5.576856 -24.239817
v 0.722242 -0.828974 7.887144
v 0.725160 0.850899 7.635079
v 0.720344 -0.836006 8.605385
v 0.727058 0.857956 6.916850
v 0.720166 -2.146801 8.012169
v 0.718255 -2.153847 8.730412
v 0.716930 -3.447749 8.579779
v 0.718828 -3.440705 7.861550
v 0.716586 -4.845900 8.003685
v 0.718485 -4.838855 7.285443
v -2.550620 4.135047 -22.208347
v -0.937159 4.443267 -22.071959
v -2.550544 4.445433 -22.076200
v -0.937223 4.132881 -22.204092
v -2.549793 4.758354 -22.202246
v -0.936408 4.756201 -22.197990
v -2.548812 4.890488 -22.512617
v -0.935414 4.888348 -22.508375
v -0.934764 4.762303 -22.821283
v -2.548149 4.764456 -22.825552
v -2.548213 4.454070 -22.957687
v -0.934828 4.451905 -22.953432
v -0.935580 4.138983 -22.827412
v -2.548964 4.141137 -22.831654
v -0.936573 4.006836 -22.517027
v -2.549958 4.009002 -22.521267
v -2.550620 4.135047 -22.208347
v -0.937223 4.132881 -22.204092
v 0.447909 8.742679 13.314718
v 0.450954 9.591196 12.588985
v 0.443106 9.114801 15.323690
v 0.458151 9.383643 9.749370
v 0.447642 7.585739 12.829075
v 0.444724 5.952569 13.107140
v -0.850962 10.716962 14.905987
v -0.705197 10.159913 16.001101
v -0.702904 10.713828 15.409746
v -0.705668 9.510057 15.852915
v -0.704980 9.121348 15.395796
v -0.943897 10.136562 14.274297
v -0.788959 8.887489 14.775558
v -0.851561 8.788351 14.155869
v -1.013277 9.729369 13.636402
v -1.149131 8.830607 11.920848
v -1.119244 9.723355 12.653969
v -1.232817 10.058685 12.074881
v -1.230307 10.074750 11.131582
v -1.229021 8.825703 10.011256
v -1.227607 9.809003 9.973076
v -0.688049 9.110113 8.963582
v -0.689196 8.638534 9.159644
v -1.197337 -5.104143 3.498988
v -1.197273 -4.793757 3.631122
v -1.196114 -4.789438 3.190386
v -1.196521 -4.480836 3.505090
v -1.196687 -5.230175 3.186067
v -1.195528 -4.348689 3.194704
v -1.195693 -5.098041 2.875668
v -1.194878 -4.474721 2.881783
v -1.194942 -4.785120 2.749636
v 0.246880 -4.830816 12.147700
v 0.260193 -2.148853 8.451773
v 0.251606 -2.180638 11.694478
v 0.258575 -4.787502 7.728868
v 0.262014 0.771429 9.240247
v 0.266447 0.787825 7.565700
v -0.998475 12.618120 -17.647738
v -0.995851 12.627789 -18.634489
v -1.162891 12.007719 -17.654144
v -1.160280 12.017388 -18.640898
v -0.997456 11.406540 -18.646465
v -1.000067 11.396871 -17.659712
v -1.164264 -6.154071 10.697725
v -1.170239 -4.695191 10.985180
v -1.166379 -4.991806 9.932666
v -1.164506 -6.330794 14.719607
v -1.151525 -6.037148 4.870436
v -1.172036 -3.856701 11.884846
v -1.155283 -4.948134 4.972824
v -1.179029 -6.253222 14.803205
v -1.154532 -2.700589 12.174771
v -1.155398 -6.298435 14.904521
v -1.145894 -5.900975 3.497230
v -1.148519 -4.110218 3.746784
v -1.141716 -5.120704 1.924318
v -1.139296 -0.621256 0.315928
v -1.125588 -1.360518 -2.924843
v -1.138430 0.189832 0.326731
v -1.116199 0.617459 -5.638872
v -1.197337 -5.104143 3.498988
v -0.315749 -4.794929 3.633453
v -1.197273 -4.793757 3.631122
v -0.315812 -5.105315 3.501293
v -1.196521 -4.480836 3.505090
v -0.314997 -4.482020 3.507409
v -1.195528 -4.348689 3.194704
v -0.314003 -4.349861 3.197022
v -0.313341 -4.475905 2.884102
v -1.194878 -4.474721 2.881783
v -1.194942 -4.785120 2.749636
v -0.313405 -4.786292 2.751955
v -0.314156 -5.099213 2.878000
v -1.195693 -5.098041 2.875668
v -0.315150 -5.231359 3.188385
v -1.196687 -5.230175 3.186067
v -1.197337 -5.104143 3.498988
v -0.315812 -5.105315 3.501293
v -3.286911 -11.428974 23.172794
v -2.405323 -11.119748 23.307259
v -3.286847 -11.118588 23.304941
v -2.405386 -11.430146 23.175112
v -3.286096 -10.805655 23.178896
v -2.404571 -10.806827 23.181213
v -3.285102 -10.673521 22.868509
v -2.403577 -10.674680 22.870829
v -2.402915 -10.800724 22.557919
v -3.284452 -10.799553 22.555588
v -3.284516 -11.109939 22.423441
v -2.402992 -11.111123 22.425760
v -2.403730 -11.424031 22.551805
v -3.285268 -11.422847 22.549486
v -2.404724 -11.556178 22.862190
v -3.286261 -11.555006 22.859873
v -3.286911 -11.428974 23.172794
v -2.405386 -11.430146 23.175112
v -1.313218 6.170963 -24.923306
v -1.527930 6.962993 -24.232557
v -1.315027 6.164275 -24.239817
v -1.526121 6.969681 -24.916044
v -0.729454 5.585684 -24.927498
v -0.731263 5.578983 -24.244009
v -0.776079 -0.834006 8.601449
v -0.771276 0.852899 7.631142
v -0.774181 -0.826974 7.883194
v -0.769365 0.859944 6.912901
v -0.776270 -2.144814 8.008233
v -0.778168 -2.151846 8.726461
v -0.779493 -3.445749 8.575843
v -0.777595 -3.438717 7.857600
v -0.779849 -4.843899 7.999748
v -0.777939 -4.836855 7.281507
v -0.502906 8.743940 13.312220
v -0.507696 9.116076 15.321193
v -0.499861 9.592470 12.586488
v -0.492651 9.384892 9.746861
v -0.503160 7.587026 12.826564
v -0.502906 8.743940 13.312220
v -0.492651 9.384892 9.746861
v -0.506078 5.953844 13.104643
v -0.552235 12.006903 -17.652538
v -0.467415 12.321774 -18.636095
v -0.470027 12.312104 -17.649328
v -0.243607 12.544982 -18.633305
v -0.246219 12.535326 -17.646551
v -0.549623 12.016572 -18.639292
v -0.468205 11.711155 -18.642069
v -0.470829 11.701472 -17.655317
v -0.244983 11.487347 -18.643675
v -0.247594 11.477665 -17.656921
v -0.318628 -2.148088 8.450243
v -0.331940 -4.830039 12.146184
v -0.327214 -2.179873 11.692950
v -0.320246 -4.786737 7.727352
v -0.316806 0.772181 9.238706
v -0.312373 0.788589 7.564183
v 1.667781 6.965425 -24.907637
v 1.450967 6.160581 -24.232544
v 1.665972 6.958724 -24.224148
v 1.452776 6.167269 -24.916031
v 0.865688 5.576856 -24.239817
v 0.867484 5.583557 -24.923294
v -3.065730 9.415544 -13.580540
v -1.829002 9.724298 -13.445132
v -3.065667 9.725941 -13.448393
v -1.829079 9.413912 -13.577266
v -3.064915 10.038862 -13.574426
v -1.828264 10.037207 -13.571163
v -3.063921 10.170997 -13.884811
v -1.827270 10.169366 -13.881563
v -1.826608 10.043322 -14.194471
v -3.063259 10.044965 -14.197732
v -3.063335 9.734578 -14.329879
v -1.826671 9.732935 -14.326631
v -1.827423 9.420014 -14.200585
v -3.064075 9.421659 -14.203834
v -1.828416 9.287868 -13.890200
v -3.065068 9.289511 -13.893462
v -3.065730 9.415544 -13.580540
v -1.829079 9.413912 -13.577266
v 0.364438 12.534497 -17.644945
v 0.590272 12.320359 -18.633291
v 0.587660 12.310690 -17.646551
v 0.367050 12.544167 -18.631699
v 0.671690 12.014941 -18.636082
v 0.669078 12.005272 -17.649328
v 0.586870 11.700059 -17.652527
v 0.589482 11.709741 -18.639280
v 0.363062 11.476862 -17.655304
v 0.365674 11.486519 -18.642069
v -3.052479 1.371372 17.062304
v -2.170891 1.680586 17.196783
v -3.052416 1.681757 17.194464
v -2.170955 1.370200 17.064636
v -3.051677 1.994678 17.068432
v -2.170140 1.993507 17.070738
v -3.050670 2.126826 16.758045
v -2.169146 2.125654 16.760365
v -2.168484 1.999609 16.447430
v -3.050021 2.000781 16.445126
v -3.050085 1.690395 16.312965
v -2.168560 1.689223 16.315310
v -2.169299 1.376315 16.441328
v -3.050836 1.377487 16.439009
v -2.170305 1.244155 16.751728
v -3.051830 1.245340 16.749409
v -3.052479 1.371372 17.062304
v -2.170955 1.370200 17.064636
v -2.137247 0.874861 -4.766405
v -1.255659 1.184075 -4.631939
v -2.137183 1.185260 -4.634258
v -1.255723 0.873689 -4.764087
v -2.136432 1.498181 -4.760303
v -1.254907 1.496996 -4.757984
v -2.135438 1.630316 -5.070689
v -1.253914 1.629143 -5.068370
v -1.253251 1.503111 -5.381291
v -2.134789 1.504283 -5.383610
v -2.134852 1.193897 -5.515757
v -1.253315 1.192713 -5.513438
v -1.254067 0.879792 -5.387393
v -2.135604 0.880964 -5.389712
v -1.255060 0.747657 -5.077007
v -2.136597 0.748829 -5.079326
v -2.137247 0.874861 -4.766405
v -1.255723 0.873689 -4.764087
v -0.841585 -4.595747 5.074663
v 0.794387 -4.597925 5.078969
v -0.833827 -3.832763 3.967204
v 0.794501 -3.834929 3.971497
v -0.829050 -0.478357 0.672367
v 0.816031 -0.480548 0.676698
v 3.434830 8.944880 -18.313402
v 2.525189 8.458664 -23.121695
v 3.449073 8.997610 -23.694376
v 2.513533 8.415503 -18.715565
v 3.434091 8.942167 -18.036560
v 2.498717 8.360646 -13.118223
v 2.510896 8.405745 -17.720274
v 3.419785 8.889184 -12.630961
v 1.092530 -4.994812 9.938615
v 0.794387 -4.597925 5.078969
v 0.778360 -4.641774 9.889989
v 0.778615 -4.381455 10.810916
v 1.107677 -4.951154 4.978786
v 1.091638 -4.698197 10.991129
v 1.109613 -4.113224 3.752733
v 0.778526 -3.667506 11.577033
v 0.794501 -3.834929 3.971497
v 0.816031 -0.480548 0.676698
v 1.127780 -0.624275 0.321902
v 1.090925 -3.859708 11.890807
v 1.074975 -2.703544 12.180657
v 0.760691 -2.437110 11.916974
v -1.527930 6.962993 -24.232557
v -1.526121 6.969681 -24.916044
v -1.311128 7.767838 -24.907661
v -1.312937 7.761137 -24.224174
v -0.725836 8.351550 -24.900387
v -0.727645 8.344862 -24.216900
v -0.705668 9.510057 15.852915
v 0.639804 10.158130 16.004631
v -0.705197 10.159913 16.001101
v -0.702904 10.713828 15.409746
v 0.642098 10.712045 15.413287
v 0.639333 9.508274 15.856431
v 0.640008 9.119553 15.399337
v -0.704980 9.121348 15.395796
v 0.726624 8.885476 14.779559
v -0.788959 8.887489 14.775558
v 0.792233 8.786160 14.160189
v -0.851561 8.788351 14.155869
v -1.149131 8.830607 11.920848
v 1.101689 8.827600 11.926771
v 1.191617 8.822467 10.017626
v -1.229021 8.825703 10.011256
v 0.655792 8.636737 9.163198
v -0.689196 8.638534 9.159644
v -0.688049 9.110113 8.963582
v 0.656939 9.108316 8.967112
v -2.388956 8.465225 -23.134651
v -3.322598 8.953876 -18.331211
v -3.308355 9.006617 -23.712172
v -2.400613 8.422050 -18.728508
v -3.323337 8.951174 -18.054356
v -2.415441 8.367194 -13.131179
v -3.337643 8.898204 -12.648758
v -2.403250 8.412305 -17.733219
v -0.841585 -4.595747 5.074663
v -1.166379 -4.991806 9.932666
v -0.851025 -4.639609 9.885695
v -0.855433 -4.379289 10.806610
v -1.155283 -4.948134 4.972824
v -1.170239 -4.695191 10.985180
v -1.148519 -4.110218 3.746784
v -0.857471 -3.665328 11.572727
v -0.833827 -3.832763 3.967204
v -0.829050 -0.478357 0.672367
v -1.139296 -0.621256 0.315928
v -1.172036 -3.856701 11.884846
v -1.154532 -2.700589 12.174771
v -0.838146 -2.434970 11.912770
v 1.453056 7.757455 -24.216887
v 1.667781 6.965425 -24.907637
v 1.665972 6.958724 -24.224148
v 1.454865 7.764143 -24.900375
v 0.869293 8.342734 -24.212696
v 0.871114 8.349435 -24.896183
v -1.115256 -2.145910 11.552140
v 0.960077 -2.611425 11.683880
v -1.036755 -2.608762 11.678618
v 1.040476 -2.148789 11.557809
v -2.119933 0.030294 8.649095
v 2.066225 0.024728 8.660127
v -0.727645 8.344862 -24.216900
v -0.725836 8.351550 -24.900387
v 0.072919 8.564441 -24.896183
v 0.071110 8.557740 -24.212696
v 0.071110 8.557740 -24.212696
v 0.072919 8.564441 -24.896183
v 0.869293 8.342734 -24.212696
v 0.871114 8.349435 -24.896183
v -3.883747 7.633410 7.643920
v -3.002159 7.942637 7.778387
v -3.883683 7.943796 7.776068
v -3.002223 7.632251 7.646239
v -3.882932 8.256730 7.650023
v -3.001407 8.255545 7.652341
v -3.881938 8.388865 7.339650
v -3.000414 8.387692 7.341956
v -2.999751 8.261660 7.029047
v -3.881289 8.262833 7.026715
v -3.881352 7.952433 6.894568
v -2.999828 7.951261 6.896900
v -3.000567 7.638341 7.022933
v -3.882104 7.639512 7.020614
v -3.001560 7.506194 7.333318
v -3.883098 7.507378 7.330999
v -3.883747 7.633410 7.643920
v -3.002223 7.632251 7.646239
v 0.056447 10.252886 -17.791477
v 0.058409 10.260122 -18.531540
v 1.003886 10.251613 -17.788980
v 1.005848 10.258874 -18.529045
v -0.889030 10.261396 -18.534037
v -0.890979 10.254148 -17.793972
v 2.929022 5.428810 12.713844
v 1.732754 6.588068 13.092667
v 1.714588 6.657779 13.663819
v -1.776960 6.662442 13.654620
v 2.781574 5.469079 12.268356
v -1.792299 6.592769 13.083381
v 3.532289 3.467254 11.200912
v -2.989661 5.436695 12.698252
v 3.309093 3.682832 10.955675
v -2.839755 5.476557 12.253540
v 3.027740 1.925898 9.663785
v -3.590177 3.476757 11.182171
v 3.195354 1.538133 9.712170
v 2.071002 0.517276 8.731328
v 2.066225 0.024728 8.660127
v -3.365120 3.691724 10.938095
v -3.081640 1.934038 9.647696
v -3.250541 1.546719 9.695201
v -2.123768 0.522868 8.720284
v -2.119933 0.030294 8.649095
v -1.089878 -7.243339 14.818886
v 0.985162 -7.445158 15.207339
v -1.093305 -7.442381 15.201861
v 0.984283 -7.246116 14.824338
v -1.036755 -2.608762 11.678618
v 0.960077 -2.611425 11.683880
v 1.117917 11.403711 -18.640884
v 0.667690 10.947637 -17.659698
v 0.670314 10.957306 -18.646439
v 1.115306 11.394042 -17.654133
v 0.591622 10.900131 -17.783718
v 0.056829 10.784825 -17.662897
v 0.593584 10.907380 -18.523783
v 0.057135 10.778111 -17.786329
v 0.059441 10.794495 -18.649662
v -0.477020 10.901558 -17.786520
v 0.059097 10.785374 -18.526394
v -0.475071 10.908807 -18.526598
v -0.553623 10.949267 -17.662897
v -0.551012 10.958924 -18.649662
v -1.000067 11.396871 -17.659712
v -0.997456 11.406540 -18.646465
v -0.769365 0.859944 6.912901
v 0.722242 -0.828974 7.887144
v -0.774181 -0.826974 7.883194
v 0.727058 0.857956 6.916850
v 0.720166 -2.146801 8.012169
v -0.776270 -2.144814 8.008233
v -0.777595 -3.438717 7.857600
v 0.718828 -3.440705 7.861550
v -0.777939 -4.836855 7.281507
v 0.718485 -4.838855 7.285443
v -0.246219 12.535326 -17.646551
v 0.061836 12.626375 -18.631699
v 0.059224 12.616719 -17.644945
v -0.243607 12.544982 -18.633305
v 0.364438 12.534497 -17.644945
v 0.367050 12.544167 -18.631699
v 3.413390 8.921682 -10.187877
v 2.055713 10.260403 -10.178348
v 3.410370 6.613395 -10.210503
v 0.036421 10.263117 -10.183660
v -1.982858 10.265792 -10.188985
v -3.344038 8.930701 -10.205674
v -3.347057 6.622401 -10.228299
v -3.349949 4.410488 -10.249982
v 3.407479 4.401482 -10.232184
v -2.631044 3.218514 -10.259766
v 2.685453 3.211419 -10.245765
v -1.386023 2.236195 -10.266085
v 0.025924 2.234322 -10.262377
v 1.437872 2.232437 -10.258657
v -0.855433 -4.379289 10.806610
v 0.778360 -4.641774 9.889989
v -0.851025 -4.639609 9.885695
v -0.841585 -4.595747 5.074663
v 0.794387 -4.597925 5.078969
v 0.778615 -4.381455 10.810916
v -0.857471 -3.665328 11.572727
v 0.778526 -3.667506 11.577033
v -2.839755 5.476557 12.253540
v -1.792299 6.592769 13.083381
v -0.028014 3.682985 10.947178
v 1.732754 6.588068 13.092667
v -3.365120 3.691724 10.938095
v 2.781574 5.469079 12.268356
v -3.081640 1.934038 9.647696
v 3.309093 3.682832 10.955675
v -2.123768 0.522868 8.720284
v 3.027740 1.925898 9.663785
v 2.071002 0.517276 8.731328
v -2.119933 0.030294 8.649095
v 2.071002 0.517276 8.731328
v 2.066225 0.024728 8.660127
v -2.123768 0.522868 8.720284
v -2.590251 -4.686732 15.018260
v -1.708663 -4.377506 15.152739
v -2.590187 -4.376346 15.150407
v -1.708727 -4.687904 15.020592
v -2.589436 -4.063426 15.024374
v -1.707911 -4.064597 15.026693
v -2.588442 -3.931266 14.714003
v -1.706917 -3.932451 14.716308
v -1.706255 -4.058483 14.403387
v -2.587792 -4.057311 14.401068
v -2.587856 -4.367709 14.268933
v -1.706331 -4.368881 14.271253
v -1.707070 -4.681802 14.397271
v -2.588608 -4.680617 14.394966
v -1.708064 -4.813936 14.707669
v -2.589601 -4.812764 14.705352
v -2.590251 -4.686732 15.018260
v -1.708727 -4.687904 15.020592
v -0.492651 9.384892 9.746861
v 0.444724 5.952569 13.107140
v -0.506078 5.953844 13.104643
v 0.458151 9.383643 9.749370
v -1.093305 -7.442381 15.201861
v 1.974934 -13.237032 17.079987
v -2.108377 -13.231580 17.069221
v 0.985162 -7.445158 15.207339
v 0.760691 -2.437110 11.916974
v -0.857471 -3.665328 11.572727
v -0.838146 -2.434970 11.912770
v 0.778526 -3.667506 11.577033
v 3.430817 6.432965 -18.061146
v 3.434091 8.942167 -18.036560
v 2.510896 8.405745 -17.720274
v 2.508883 6.871689 -17.735308
v -2.403250 8.412305 -17.733219
v -3.326623 6.441971 -18.078957
v -2.405250 6.878250 -17.748251
v -3.323337 8.951174 -18.054356
v -1.162891 12.007719 -17.654144
v -0.470027 12.312104 -17.649328
v -0.998475 12.618120 -17.647738
v -0.550846 13.064538 -17.642170
v -0.552235 12.006903 -17.652538
v -0.246219 12.535326 -17.646551
v -1.000067 11.396871 -17.659712
v 0.060014 13.227350 -17.638960
v -0.470829 11.701472 -17.655317
v 0.059224 12.616719 -17.644945
v -0.553623 10.949267 -17.662897
v 0.670454 13.062907 -17.638960
v -0.247594 11.477665 -17.656921
v 0.364438 12.534497 -17.644945
v 0.056829 10.784825 -17.662897
v 0.587660 12.310690 -17.646551
v 0.057619 11.395457 -17.656908
v 1.116911 12.615317 -17.642143
v 0.363062 11.476862 -17.655304
v 0.669078 12.005272 -17.649328
v 0.667690 10.947637 -17.659698
v 1.279735 12.004444 -17.647711
v 0.586870 11.700059 -17.652527
v 1.115306 11.394042 -17.654133
v 0.056447 10.252886 -17.791477
v 1.003886 10.251613 -17.788980
v 0.591622 10.900131 -17.783718
v 0.057135 10.778111 -17.786329
v -0.477020 10.901558 -17.786520
v -0.890979 10.254148 -17.793972
v 3.445786 6.488420 -23.718962
v 3.449073 8.997610 -23.694376
v 2.525189 8.458664 -23.121695
v 2.523190 6.924608 -23.136742
v -2.388956 8.465225 -23.134651
v -3.311642 6.497426 -23.736773
v -2.390956 6.931157 -23.149685
v -3.308355 9.006617 -23.712172
v 0.066563 5.642630 -23.962847
v 1.460789 3.938565 -23.975855
v 3.408204 5.638184 -23.954044
v 0.064333 3.940425 -23.979538
v -1.332123 3.942285 -23.983219
v 3.412510 8.931721 -23.921762
v -3.275079 5.647075 -23.971651
v 0.070868 8.936179 -23.930567
v 2.069751 10.276723 -23.912130
v -3.270773 8.940626 -23.939369
v 0.072626 10.279398 -23.917393
v -1.924499 10.282047 -23.922668
vn 0.0025 0.0102 -0.9999
vn 0.0025 0.0101 -0.9999
vn 0.0027 0.0098 -0.9999
vn 0.0026 0.0098 -0.9999
vn -0.3446 0.6094 -0.7141
vn -0.5993 0.3552 -0.7174
vn -0.3445 0.6095 -0.7140
vn 0.0028 0.7018 -0.7124
vn -0.6931 0.0082 -0.7208
vn 0.0025 0.7017 -0.7125
vn -0.6932 0.0083 -0.7207
vn 0.3501 0.6082 -0.7124
vn -0.6002 -0.3395 -0.7242
vn 0.6044 0.3534 -0.7140
vn -0.3463 -0.5942 -0.7260
vn 0.6968 0.0064 -0.7173
vn 0.0014 -0.6874 -0.7263
vn 0.6967 0.0061 -0.7174
vn 0.0014 -0.6873 -0.7264
vn 0.6031 -0.3411 -0.7210
vn 0.3482 -0.5952 -0.7242
vn 0.6033 -0.3413 -0.7208
vn 0.3481 -0.5953 -0.7242
vn 0.0024 0.0093 -1.0000
vn 0.0024 0.0103 -0.9999
vn 0.0025 0.0093 -1.0000
vn 0.0025 0.0095 -1.0000
vn 0.0024 0.0104 -0.9999
vn -0.0200 -0.8095 0.5867
vn -0.0952 -0.8581 0.5045
vn -0.0914 -0.8761 0.4734
vn -0.2144 -0.9412 0.2612
vn -0.0132 -0.8309 0.5563
vn -0.1999 -0.9543 0.2223
vn 0.0083 -0.8309 0.5563
vn 0.0142 -0.8096 0.5868
vn -0.0015 -0.9713 0.2378
vn -0.2008 -0.9679 0.1509
vn -0.1832 -0.9749 0.1265
vn 0.0865 -0.8767 0.4732
vn 0.0904 -0.8585 0.5047
vn 0.2106 -0.9417 0.2624
vn -0.0435 -0.9971 0.0620
vn -0.0542 -0.9971 0.0532
vn 0.0513 -0.9973 0.0532
vn 0.1959 -0.9549 0.2232
vn 0.1978 -0.9684 0.1518
vn 0.1802 -0.9753 0.1274
vn 0.0396 -0.9973 0.0620
vn 0.0025 0.0094 -1.0000
vn 0.0025 0.0103 -0.9999
vn 0.3959 0.0085 -0.9182
vn -0.3915 0.0092 -0.9201
vn -0.3916 0.0092 -0.9201
vn -0.3915 0.0093 -0.9202
vn 0.0022 0.9302 -0.3669
vn 0.0025 0.9303 -0.3668
vn 0.0026 0.9303 -0.3667
vn 0.0027 0.9304 -0.3666
vn 0.9966 -0.0190 0.0806
vn 0.8792 0.3143 0.3582
vn 0.9972 -0.0366 0.0649
vn 0.8987 -0.3367 -0.2810
vn 0.8948 0.2898 0.3396
vn 0.3512 0.6775 0.6462
vn 0.9222 -0.3494 -0.1657
vn 0.4118 -0.3805 -0.8280
vn 0.9963 -0.0141 0.0845
vn 0.3965 -0.7514 -0.5275
vn 0.9159 -0.3688 -0.1588
vn 0.4438 -0.7573 -0.4791
vn 0.8899 0.2967 0.3465
vn 0.3326 0.6823 0.6510
vn 0.3532 0.6756 0.6472
vn -0.3551 0.6765 0.6452
vn -0.3346 0.6833 0.6490
vn -0.3523 0.6787 0.6444
vn -0.8911 0.2993 0.3412
vn -0.8957 0.2927 0.3347
vn -0.8803 0.3169 0.3530
vn -0.9968 -0.0122 0.0786
vn -0.9970 -0.0161 0.0757
vn -0.9977 -0.0347 0.0590
vn -0.8980 -0.3345 -0.2857
vn -0.9221 -0.3474 -0.1706
vn -0.4089 -0.3795 -0.8299
vn -0.9158 -0.3668 -0.1637
vn -0.3961 -0.7497 -0.5301
vn -0.4431 -0.7558 -0.4822
vn 0.6755 0.6765 -0.2935
vn -0.6718 0.6787 -0.2966
vn -0.8077 0.2302 0.5428
vn -0.8240 0.2223 0.5212
vn -0.3179 0.3238 0.8911
vn -0.9987 0.0357 0.0356
vn -0.2877 0.3248 0.9010
vn -0.9997 0.0230 0.0034
vn 0.3142 0.3230 0.8927
vn -0.9429 -0.0473 -0.3297
vn 0.2839 0.3240 0.9025
vn -0.9511 -0.0454 -0.3054
vn -0.2340 -0.2536 -0.9386
vn -0.3171 -0.2301 -0.9201
vn 0.8052 0.2281 0.5474
vn 0.8221 0.2203 0.5250
vn 0.9986 0.0337 0.0405
vn 0.9998 0.0200 0.0083
vn 0.9444 -0.0503 -0.3250
vn 0.9529 -0.0473 -0.2995
vn 0.2378 -0.2545 -0.9374
vn 0.3212 -0.2312 -0.9184
vn -0.0815 0.9440 0.3198
vn 0.0826 0.9438 0.3201
vn -0.0845 0.9910 0.1040
vn 0.0864 0.9908 0.1040
vn -0.0943 0.9952 0.0268
vn 0.0962 0.9950 0.0268
vn 0.0826 0.8576 0.5077
vn -0.0835 0.8575 0.5076
vn 0.0845 0.7342 0.6736
vn -0.0855 0.7342 0.6735
vn 0.0854 0.5385 0.8383
vn -0.0884 0.5389 0.8377
vn 0.0874 0.2915 0.9526
vn -0.0913 0.2917 0.9521
vn 0.0806 0.1793 0.9805
vn -0.0854 0.1792 0.9801
vn 0.4638 0.0083 -0.8859
vn 0.4640 0.0081 -0.8858
vn -0.4593 0.0093 -0.8882
vn 0.6110 -0.7916 -0.0093
vn 0.6249 -0.7626 0.1675
vn 0.6109 -0.7916 -0.0112
vn 0.6248 -0.7626 0.1675
vn -0.4274 0.5261 0.7352
vn -0.3961 0.1763 0.9011
vn 0.3914 0.1754 0.9034
vn -0.8810 0.2702 0.3884
vn -0.8318 0.1715 0.5279
vn -0.8436 0.3249 0.4274
vn -0.3746 0.5837 0.7204
vn -0.9989 0.0415 0.0229
vn 0.4246 0.5253 0.7374
vn 0.3726 0.5827 0.7223
vn 0.8425 0.3229 0.4312
vn -0.9993 0.0347 0.0131
vn -0.9982 0.0415 0.0444
vn -0.8896 -0.3043 -0.3406
vn 0.8798 0.2672 0.3932
vn 0.9988 0.0396 0.0278
vn 0.8290 0.1695 0.5329
vn -0.9060 -0.2193 -0.3620
vn -0.4032 -0.7580 -0.5127
vn -0.8925 -0.2292 -0.3884
vn -0.5132 -0.4829 -0.7095
vn -0.4532 -0.4873 -0.7464
vn 0.9993 0.0318 0.0180
vn 0.9980 0.0386 0.0502
vn 0.8908 -0.3063 -0.3357
vn 0.9072 -0.2223 -0.3572
vn 0.4039 -0.7593 -0.5103
vn 0.8942 -0.2310 -0.3834
vn 0.5155 -0.4841 -0.7070
vn 0.4557 -0.4888 -0.7439
vn -0.0025 -0.8527 0.5224
vn -0.0018 -0.9833 0.1821
vn -0.0015 -0.9833 0.1822
vn -0.0024 -0.0738 0.9973
vn -0.0027 -0.0738 0.9973
vn -0.0025 0.1674 0.9859
vn -0.0024 0.1679 0.9858
vn 0.0005 0.9506 0.3103
vn 0.0015 0.9996 0.0288
vn -0.0002 0.8548 0.5190
vn -0.0005 0.7615 0.6482
vn -0.0008 0.7479 0.6638
vn -0.0016 0.4986 0.8668
vn -0.0020 0.3425 0.9395
vn -0.0024 0.3425 0.9395
vn -0.0026 -0.0106 0.9999
vn -0.0025 -0.0103 0.9999
vn -0.0024 -0.2603 0.9655
vn -0.0034 -0.3806 0.9247
vn -0.0012 0.6236 0.7817
vn -0.0016 0.6236 0.7817
vn -0.8655 0.5010 0.0025
vn -0.4989 0.8666 0.0072
vn -0.8655 0.5010 0.0024
vn 0.0014 0.9999 0.0102
vn 0.0015 0.9999 0.0103
vn 0.5009 0.8654 0.0102
vn 0.8668 0.4987 0.0073
vn 0.8668 0.4986 0.0073
vn 0.5192 0.7224 0.4567
vn 0.5192 0.7224 0.4566
vn -0.0005 -0.9227 -0.3855
vn -0.0006 -0.9227 -0.3856
vn 0.0004 0.9161 0.4009
vn 0.0005 0.9161 0.4010
vn 0.9784 0.0007 -0.2066
vn 0.9784 0.0004 -0.2067
vn -0.0015 0.4587 0.8886
vn -0.0014 0.4588 0.8885
vn -0.0017 0.4585 0.8887
vn -0.5164 0.7206 0.4626
vn 0.5476 0.8007 0.2427
vn 0.5477 0.8007 0.2428
vn -0.9774 0.0035 -0.2113
vn -0.9774 0.0035 -0.2114
vn -0.0024 -0.0102 0.9999
vn -0.0025 -0.0101 0.9999
vn -0.0027 -0.0098 0.9999
vn -0.4990 0.8666 0.0073
vn -0.4990 0.8666 0.0072
vn 0.0014 0.9999 0.0101
vn 0.5008 0.8655 0.0102
vn 0.5009 0.8655 0.0098
vn 0.6336 -0.7224 -0.2771
vn -0.5398 0.8114 0.2242
vn -0.0034 -0.4841 0.8750
vn -0.0033 -0.4841 0.8750
vn -0.0033 -0.4840 0.8751
vn -0.6339 -0.7210 -0.2800
vn -0.6340 -0.7207 -0.2804
vn -0.6339 -0.7209 -0.2800
vn 0.0015 0.9999 0.0102
vn 0.0013 1.0000 0.0098
vn 0.5897 0.8076 0.0102
vn 0.5896 0.8076 0.0102
vn -0.0015 -0.9999 -0.0161
vn -0.0015 -0.9999 -0.0114
vn -0.0015 -0.9994 -0.0358
vn -0.0013 -0.9994 -0.0357
vn -0.0005 -0.9547 -0.2974
vn -0.0005 -0.9547 -0.2975
vn 0.0004 -0.8182 -0.5750
vn 0.0005 -0.8182 -0.5750
vn 0.0005 -0.7980 -0.6026
vn 0.0005 -0.8095 -0.5871
vn 0.0005 -0.8096 -0.5869
vn -0.5868 0.8097 0.0073
vn 0.9006 0.4345 0.0063
vn 0.9006 0.4346 0.0062
vn 0.0005 -0.8481 -0.5299
vn 0.0003 -0.8482 -0.5297
vn 0.0007 -0.8480 -0.5299
vn 0.8018 0.5976 0.0092
vn 0.8018 0.5975 0.0092
vn 0.8125 0.5828 0.0083
vn 0.6863 -0.7272 -0.0113
vn 0.7352 -0.6775 -0.0220
vn 0.6873 -0.7263 -0.0113
vn 0.6109 -0.7916 -0.0093
vn 0.6109 -0.7916 -0.0113
vn 0.7421 -0.6404 -0.1979
vn 0.7403 -0.5507 -0.3856
vn 0.7382 -0.5388 -0.4060
vn 0.7381 -0.5388 -0.4060
vn 0.7341 -0.5494 -0.3991
vn 0.8045 0.5924 -0.0436
vn -0.8997 0.4365 0.0015
vn -0.8996 0.4366 0.0019
vn -0.8997 0.4364 0.0014
vn 0.7330 0.6802 0.0083
vn 0.7167 0.6973 0.0084
vn 0.7167 0.6973 0.0087
vn 0.7129 0.7013 0.0044
vn 0.9786 0.2057 0.0044
vn 0.7129 0.7012 0.0044
vn 0.7095 0.7047 0.0005
vn 0.7095 0.7047 0.0004
vn 1.0000 -0.0013 0.0026
vn 1.0000 -0.0015 0.0023
vn 1.0000 -0.0013 0.0027
vn -0.8002 0.5998 0.0044
vn -0.8001 0.5998 0.0044
vn -0.8140 0.5809 0.0035
vn 0.9864 -0.1646 0.0014
vn 0.9864 -0.1645 0.0013
vn -0.6882 -0.7253 -0.0152
vn -0.6131 -0.7899 -0.0122
vn -0.6892 -0.7244 -0.0152
vn -0.7370 -0.6754 -0.0259
vn -0.6130 -0.7899 -0.0142
vn -0.6280 -0.7608 0.1637
vn -0.6279 -0.7609 0.1637
vn -0.7370 -0.6754 -0.0260
vn -0.7424 -0.6388 -0.2019
vn -0.7400 -0.5485 -0.3893
vn -0.7373 -0.5369 -0.4100
vn -0.7333 -0.5476 -0.4031
vn 0.8437 0.5368 0.0073
vn 0.9839 0.1763 0.0297
vn 0.9841 0.1763 -0.0210
vn 0.7481 0.6631 0.0268
vn 0.5563 0.8309 0.0122
vn 0.5603 0.8280 0.0229
vn 0.7469 0.6648 0.0122
vn 0.9964 0.0846 0.0044
vn 0.7815 0.5665 0.2614
vn 0.6541 0.7167 0.2417
vn 0.9957 0.0904 0.0181
vn 0.7110 0.5693 0.4128
vn 0.9994 -0.0171 0.0308
vn 1.0000 -0.0063 0.0024
vn 0.9992 -0.0396 0.0023
vn 0.9954 -0.0620 0.0728
vn 0.8087 0.4452 0.3845
vn 0.9636 0.1314 0.2329
vn 0.7253 0.4567 0.5152
vn 0.8934 -0.3268 0.3082
vn 0.7329 -0.6206 0.2790
vn 0.9631 0.0953 0.2516
vn 0.9405 -0.0825 0.3297
vn 0.9049 -0.0776 0.4185
vn 0.8123 0.3395 0.4742
vn 0.8028 0.3112 0.5086
vn 0.7295 0.4275 0.5340
vn -0.8016 0.5936 -0.0718
vn -0.7149 0.6992 0.0054
vn -0.7311 0.6822 0.0043
vn -0.9780 0.2087 -0.0005
vn -0.7149 0.6992 0.0049
vn -0.7110 0.7032 0.0014
vn -0.7076 0.7066 -0.0035
vn -1.0000 0.0013 -0.0026
vn -1.0000 0.0016 -0.0024
vn -1.0000 0.0013 -0.0027
vn 0.0034 0.4754 -0.8798
vn 0.0033 0.4754 -0.8798
vn 0.0034 0.4753 -0.8798
vn 0.0033 0.4754 -0.8797
vn -0.0015 -1.0000 -0.0093
vn -0.9868 -0.1617 -0.0042
vn 0.4325 0.9016 0.0100
vn 0.4326 0.9016 0.0100
vn 0.4324 0.9016 0.0103
vn -0.9834 0.1793 -0.0269
vn -0.8425 0.5387 0.0031
vn -0.9835 0.1794 0.0248
vn -0.9993 -0.0366 -0.0025
vn -0.9959 -0.0601 0.0679
vn -0.9996 -0.0141 0.0249
vn -1.0000 -0.0034 -0.0025
vn -0.9962 0.0875 0.0004
vn -0.8944 -0.3297 0.3023
vn -0.7275 -0.6298 0.2721
vn -0.9423 -0.0805 0.3248
vn -0.9072 -0.0757 0.4137
vn -0.9955 0.0934 0.0132
vn -0.7455 0.6664 0.0083
vn -0.9641 0.0983 0.2467
vn -0.8136 0.3416 0.4705
vn -0.8050 0.3133 0.5038
vn -0.7265 0.4588 0.5115
vn -0.7308 0.4297 0.5303
vn -0.8095 0.4471 0.3805
vn -0.7118 0.5711 0.4089
vn -0.9644 0.1343 0.2280
vn -0.7814 0.5684 0.2575
vn -0.6541 0.7177 0.2388
vn -0.5585 0.8292 0.0200
vn -0.7463 0.6652 0.0229
vn -0.5534 0.8328 0.0092
vn -0.4304 0.9026 0.0075
vn -0.4302 0.9027 0.0077
vn -0.4304 0.9026 0.0074
vn -0.4305 0.9026 0.0073
vn -1.0000 0.0017 -0.0023
vn -1.0000 0.0014 -0.0026
vn 0.4703 -0.8825 0.0102
vn 0.4721 -0.8815 -0.0074
vn 0.4724 -0.8814 -0.0074
vn 0.4707 -0.8823 0.0073
vn 0.4568 -0.8818 0.1177
vn -0.0024 -0.7139 0.7002
vn -0.0026 -0.0098 0.9999
vn -0.0010 0.7001 0.7140
vn 0.0028 0.7140 -0.7001
vn 0.0025 0.7139 -0.7002
vn 0.0010 -0.7001 -0.7140
vn -0.0014 -1.0000 -0.0095
vn -0.0025 -0.7139 0.7002
vn 0.0004 0.9136 0.4067
vn 0.0024 0.8570 -0.5152
vn 0.0005 0.9136 0.4066
vn 0.0025 0.8571 -0.5152
vn 0.0024 0.7951 -0.6065
vn 0.0015 0.9761 -0.2175
vn 0.0015 0.9760 -0.2176
vn 0.0005 0.9701 0.2428
vn 0.0005 0.9788 0.2047
vn 0.0008 0.9788 0.2047
vn 0.0015 0.9930 -0.1178
vn 0.0016 0.9930 -0.1178
vn 0.0024 0.9337 -0.3582
vn 0.0022 0.9337 -0.3582
vn 0.0025 0.6823 -0.7311
vn 0.0024 0.6823 -0.7311
vn -0.4746 -0.8802 -0.0102
vn -0.4734 -0.8808 0.0083
vn -0.4734 -0.8808 0.0053
vn -0.4591 -0.8806 0.1173
vn -0.4747 -0.8801 -0.0099
vn 0.0017 -0.4665 -0.8845
vn 0.0014 -0.4664 -0.8846
vn 0.0012 -0.4664 -0.8846
vn 0.6316 -0.7751 -0.0162
vn 0.6669 -0.7452 -0.0054
vn 0.6658 -0.7459 -0.0162
vn 0.6671 -0.7449 -0.0055
vn 0.6671 -0.7450 -0.0055
vn 0.5904 -0.8053 -0.0543
vn 0.6982 -0.7158 -0.0162
vn 0.6719 -0.7393 -0.0445
vn 0.7409 -0.6706 -0.0367
vn 0.5378 -0.7751 -0.3317
vn 0.8097 -0.5615 -0.1706
vn 0.6805 -0.6864 -0.2565
vn 0.5134 -0.6862 -0.5153
vn 0.8000 -0.5204 -0.2986
vn 0.6589 -0.6237 -0.4206
vn 0.4969 -0.6455 -0.5800
vn 0.7817 -0.4849 -0.3921
vn 0.5847 -0.6100 -0.5349
vn 0.9923 -0.1226 0.0200
vn 0.9921 -0.1236 0.0229
vn 0.9917 -0.1256 0.0288
vn 0.0962 0.9950 0.0269
vn 0.9938 0.1109 0.0122
vn 0.9956 0.0934 0.0053
vn 0.9962 0.0817 0.0288
vn 0.9964 0.0719 0.0454
vn 0.0825 0.8576 0.5077
vn 0.9971 0.0553 0.0533
vn 0.9967 0.0425 0.0698
vn 0.9956 0.0259 0.0904
vn 0.9948 0.0162 0.1001
vn 0.7491 -0.0099 0.6623
vn 0.7492 -0.0099 0.6623
vn 0.7491 -0.0100 0.6624
vn -0.6690 -0.7432 -0.0091
vn -0.6337 -0.7733 -0.0191
vn -0.6678 -0.7440 -0.0201
vn -0.6689 -0.7433 -0.0095
vn -0.7001 -0.7138 -0.0201
vn -0.5925 -0.8035 -0.0572
vn -0.7423 -0.6689 -0.0406
vn -0.6733 -0.7377 -0.0484
vn -0.5387 -0.7732 -0.3346
vn -0.8104 -0.5593 -0.1745
vn -0.6815 -0.6843 -0.2594
vn -0.5122 -0.6850 -0.5181
vn -0.7996 -0.5182 -0.3034
vn -0.6589 -0.6217 -0.4235
vn -0.4959 -0.6445 -0.5820
vn -0.7813 -0.4823 -0.3963
vn -0.5828 -0.6082 -0.5389
vn -0.0027 -0.0123 0.9999
vn -0.0026 -0.0123 0.9999
vn -0.0015 -1.0000 -0.0094
vn -0.0015 -1.0000 -0.0092
vn -0.0012 -0.9990 -0.0455
vn -0.0015 -0.9990 -0.0455
vn -0.0005 -0.9121 -0.4099
vn 0.0005 -0.7989 -0.6015
vn -0.0005 -0.9121 -0.4100
vn 0.0008 -0.7291 -0.6844
vn -0.0024 -0.0103 0.9999
vn -0.0025 -0.7139 0.7003
vn 0.0022 0.7138 -0.7003
vn 0.0005 -0.7002 -0.7139
vn -0.9928 -0.1186 0.0180
vn -0.9927 -0.1196 0.0151
vn -0.9928 -0.1187 0.0180
vn -0.9927 -0.1176 0.0258
vn -0.9936 0.1129 0.0073
vn -0.9961 0.0846 0.0239
vn -0.0942 0.9952 0.0268
vn -0.9954 0.0963 -0.0005
vn -0.9964 0.0749 0.0405
vn -0.0835 0.8576 0.5076
vn -0.9972 0.0572 0.0483
vn -0.9970 0.0445 0.0640
vn -0.9959 0.0289 0.0855
vn -0.9954 0.0191 0.0943
vn -0.0914 0.2917 0.9521
vn -0.0854 0.1793 0.9801
vn 0.9878 -0.0375 0.1509
vn 0.9943 -0.0542 0.0923
vn 0.9881 -0.0503 0.1450
vn 0.9942 -0.0444 0.0982
vn 0.9160 0.2909 0.2761
vn 0.9849 -0.0600 0.1626
vn 0.9850 -0.0610 0.1616
vn 0.9864 -0.0894 0.1382
vn 0.9865 -0.0904 0.1363
vn 0.9969 -0.0522 0.0590
vn 0.9898 -0.0679 0.1255
vn 0.9956 -0.0766 0.0532
vn 0.9990 -0.0347 0.0278
vn 0.9892 -0.0464 -0.1393
vn 0.9960 -0.0395 -0.0797
vn 0.8800 -0.0767 -0.4687
vn -0.7529 -0.0082 0.6581
vn -0.7527 -0.0079 0.6584
vn -0.7527 -0.0079 0.6583
vn 0.8655 -0.5008 -0.0025
vn 0.8655 -0.5009 -0.0025
vn 1.0000 -0.0064 0.0038
vn 1.0000 -0.0061 0.0029
vn 1.0000 -0.0092 0.0024
vn 1.0000 -0.0056 0.0022
vn 0.9999 -0.0122 -0.0006
vn 1.0000 -0.0053 0.0022
vn 0.9999 0.0054 0.0161
vn 1.0000 -0.0035 0.0013
vn 0.9997 0.0103 0.0200
vn 0.9992 0.0250 0.0327
vn 0.9992 0.0249 0.0327
vn 1.0000 -0.0034 0.0011
vn 1.0000 -0.0034 0.0014
vn 1.0000 -0.0033 0.0014
vn 1.0000 -0.0031 0.0014
vn 1.0000 -0.0024 0.0014
vn 1.0000 -0.0025 0.0014
vn 0.5008 0.8655 0.0098
vn 0.2601 0.9655 0.0102
vn -0.2576 0.9662 0.0093
vn -0.2576 0.9662 0.0094
vn -0.0009 0.7002 0.7140
vn -0.0007 0.7002 0.7139
vn 0.0006 -0.7002 -0.7140
vn -0.0024 -0.7140 0.7002
vn -0.9888 -0.0356 0.1450
vn -0.9948 -0.0415 0.0933
vn -0.9167 0.2934 0.2713
vn -0.9949 -0.0513 0.0874
vn -0.9890 -0.0474 0.1401
vn -0.9860 -0.0571 0.1567
vn -0.9861 -0.0581 0.1557
vn -0.9872 -0.0874 0.1333
vn -0.9876 -0.0874 0.1304
vn -0.9973 -0.0493 0.0542
vn -0.9905 -0.0659 0.1207
vn -0.9962 -0.0738 0.0474
vn -0.9992 -0.0318 0.0229
vn -0.9884 -0.0442 -0.1452
vn -0.9956 -0.0376 -0.0855
vn -0.8777 -0.0747 -0.4733
vn -0.8655 0.5009 0.0024
vn -0.8668 -0.4986 -0.0074
vn -0.8668 -0.4985 -0.0074
vn -1.0000 -0.0037 -0.0014
vn -1.0000 -0.0063 -0.0025
vn -1.0000 -0.0034 -0.0024
vn -0.9999 -0.0093 -0.0054
vn -1.0000 -0.0025 -0.0035
vn -0.9999 0.0083 0.0102
vn -1.0000 -0.0024 -0.0035
vn -0.9998 0.0132 0.0151
vn -0.9993 0.0269 0.0278
vn -1.0000 -0.0014 -0.0036
vn -1.0000 -0.0014 -0.0044
vn -1.0000 -0.0008 -0.0034
vn -1.0000 -0.0003 -0.0036
vn -1.0000 -0.0005 -0.0035
vn -1.0000 -0.0005 -0.0034
vn -0.0009 0.7001 0.7140
vn 0.0010 -0.7002 -0.7140
vn 0.0009 -0.7001 -0.7140
vn 0.0023 0.7139 -0.7003
vn 0.0009 -0.7002 -0.7140
vn 0.8667 0.4988 0.0072
vn 0.9663 0.2575 0.0051
vn 0.9662 0.2577 0.0055
vn 0.5009 0.8654 0.0098
vn 0.8654 -0.5011 -0.0026
vn 0.4986 -0.8668 -0.0074
vn 0.4986 -0.8668 -0.0072
vn -0.9655 0.2603 0.0004
vn -0.8654 0.5011 0.0026
vn -0.4990 0.8665 0.0072
vn -0.5009 -0.8654 -0.0093
vn -0.8667 -0.4988 -0.0072
vn -0.5009 -0.8654 -0.0098
vn -0.0024 -0.0104 0.9999
vn 0.0028 0.7140 -0.7002
vn -0.0006 0.7002 0.7139
vn -0.0004 0.8235 0.5673
vn -0.0010 0.7302 0.6832
vn -0.0005 0.7302 0.6832
vn -0.0005 0.7008 0.7134
vn 0.5005 -0.8657 -0.0072
vn 0.5005 -0.8657 -0.0075
vn 0.5006 -0.8657 -0.0072
vn 0.7499 0.6610 -0.0250
vn 0.7570 0.6466 0.0943
vn 0.7500 0.6611 -0.0240
vn 0.7586 0.5642 -0.3258
vn 0.7568 0.6474 0.0904
vn 0.7584 0.5640 -0.3267
vn 0.7480 0.4842 0.4539
vn 0.7547 0.3346 -0.5643
vn 0.7481 0.4833 0.4548
vn 0.7475 0.4633 0.4760
vn 0.7475 0.4634 0.4760
vn 0.7551 0.3368 -0.5626
vn 0.7351 0.1822 -0.6531
vn 0.9655 -0.2603 0.0004
vn 0.9656 -0.2601 -0.0000
vn 0.4987 -0.8668 -0.0074
vn -0.0034 -0.5036 0.8640
vn -0.0020 0.3454 0.9384
vn -0.0024 0.3454 0.9384
vn 0.0005 0.9136 0.4067
vn -0.0034 -0.5035 0.8640
vn -0.0024 -0.8718 0.4899
vn -0.0015 -0.9688 0.2477
vn -0.0015 -0.9999 0.0102
vn -0.0013 -1.0000 -0.0074
vn -0.0015 -0.9990 0.0444
vn -0.0015 -0.9978 -0.0660
vn 0.0025 0.6822 -0.7312
vn 0.0024 0.6822 -0.7311
vn -0.5028 -0.8643 -0.0098
vn -0.5028 -0.8644 -0.0093
vn -0.5028 -0.8644 -0.0095
vn -0.7559 0.6484 0.0904
vn -0.7480 0.6630 -0.0289
vn -0.7481 0.6631 -0.0279
vn -0.7551 0.5665 -0.3300
vn -0.7557 0.6492 0.0864
vn -0.7549 0.5663 -0.3308
vn -0.7491 0.4862 0.4500
vn -0.7509 0.3366 -0.5682
vn -0.7491 0.4852 0.4510
vn -0.7486 0.4654 0.4722
vn -0.7512 0.3387 -0.5665
vn -0.7311 0.1842 -0.6569
vn -0.7311 0.1841 -0.6569
vn -0.9663 -0.2575 -0.0051
vn -0.9663 -0.2575 -0.0054
vn -0.3961 -0.7498 -0.5300
vn -0.4088 -0.3795 -0.8300
vn 0.3964 -0.7514 -0.5275
vn -0.4431 -0.7557 -0.4822
vn 0.4438 -0.7573 -0.4790
vn 0.2576 -0.9662 -0.0088
vn 0.2576 -0.9662 -0.0085
vn -0.2601 -0.9655 -0.0102
vn -0.5009 -0.8655 -0.0098
vn -0.5009 -0.8655 -0.0093
vn -0.0025 -0.7140 0.7002
vn 0.7558 0.6289 -0.1823
vn 0.2722 0.9543 -0.1237
vn 0.1461 0.9815 -0.1237
vn -0.1421 0.9820 -0.1246
vn 0.7901 0.5731 -0.2175
vn -0.2692 0.9550 -0.1246
vn 0.8345 0.3706 -0.4077
vn -0.7536 0.6305 -0.1861
vn 0.8360 0.3826 -0.3934
vn -0.7874 0.5753 -0.2214
vn 0.7501 0.2272 -0.6211
vn -0.8313 0.3729 -0.4121
vn 0.6745 0.1812 -0.7156
vn 0.2184 0.1442 -0.9651
vn 0.0816 0.1441 -0.9862
vn -0.8332 0.3846 -0.3974
vn -0.7462 0.2292 -0.6250
vn -0.6709 0.1823 -0.7188
vn -0.2124 0.1450 -0.9664
vn -0.0757 0.1442 -0.9867
vn 0.4038 -0.7593 -0.5103
vn -0.4531 -0.4873 -0.7465
vn 0.4557 -0.4889 -0.7439
vn 0.6746 -0.7381 0.0044
vn 0.6746 -0.7381 -0.0152
vn 0.8655 -0.5009 -0.0024
vn -0.0015 -0.9900 0.1411
vn 0.9841 0.1763 -0.0211
vn -0.0005 -0.9870 -0.1607
vn -0.9835 0.1793 0.0248
vn -0.6767 -0.7363 0.0005
vn -0.6765 -0.7362 -0.0191
vn 0.0016 -0.4986 -0.8668
vn 0.0020 -0.3424 -0.9395
vn 0.0024 -0.3425 -0.9395
vn 0.0024 0.0102 -0.9999
vn 0.0024 0.2603 -0.9655
vn 0.0034 0.3806 -0.9247
vn 0.0033 0.3807 -0.9247
vn 0.0024 0.8657 -0.5005
vn 0.0015 0.9993 -0.0377
vn 0.0012 0.9993 -0.0377
vn 0.0016 1.0000 0.0093
vn 0.0013 1.0000 0.0091
vn 0.0024 0.7316 -0.6818
vn 0.0028 0.7316 -0.6818
vn 0.0044 0.5935 -0.8048
vn 0.0035 0.5936 -0.8048
vn 0.0024 0.5846 -0.8113
vn 0.0023 0.5936 -0.8048
vn 0.0035 0.5925 -0.8056
vn 0.0015 0.5935 -0.8048
vn 0.0192 0.5744 -0.8183
vn 0.0021 0.5924 -0.8057
vn 0.0103 0.5714 -0.8206
vn -0.0131 0.5741 -0.8186
vn -0.0044 0.5714 -0.8207
vn 0.2184 0.1442 -0.9652
vn 0.0007 -0.6993 -0.7148
vn 0.0005 -0.6992 -0.7149
vn 0.0006 -0.6992 -0.7149
vn 0.3211 -0.2312 -0.9184
vn 0.2379 -0.2545 -0.9374
vn 0.0026 0.2663 -0.9639
vn 0.0024 0.2663 -0.9639
vn 0.0029 0.2663 -0.9639
vn 0.3288 -0.0093 0.9443
vn 0.3287 -0.0092 0.9444
vn 0.3289 -0.0094 0.9443
vn -0.3338 -0.0092 0.9426
vn 0.5310 -0.0093 0.8473
vn 0.5309 -0.0093 0.8474
vn -0.5351 -0.0076 0.8448
vt 0.917322 0.294311
vt 0.895591 0.277499
vt 0.906841 0.274485
vt 0.881605 0.294311
vt 0.931888 0.279731
vt 0.884342 0.274485
vt 0.915076 0.266250
vt 0.863145 0.273218
vt 0.931888 0.255001
vt 0.876107 0.266250
vt 0.918090 0.255001
vt 0.863145 0.255001
vt 0.915076 0.243751
vt 0.873092 0.255001
vt 0.931888 0.230270
vt 0.876107 0.243751
vt 0.906841 0.235516
vt 0.863145 0.236784
vt 0.917322 0.215690
vt 0.884342 0.235516
vt 0.895591 0.232502
vt 0.881605 0.215690
vt 0.878050 0.265128
vt 0.885464 0.272542
vt 0.895591 0.275256
vt 0.875336 0.255001
vt 0.878050 0.244873
vt 0.905719 0.272542
vt 0.885464 0.237459
vt 0.913133 0.265128
vt 0.895591 0.234746
vt 0.915847 0.255001
vt 0.905719 0.237459
vt 0.913133 0.244873
vt 0.868089 0.165474
vt 0.878217 0.183016
vt 0.860675 0.172888
vt 0.857962 0.183016
vt 0.878217 0.162760
vt 0.860675 0.193143
vt 0.888344 0.165474
vt 0.868089 0.200557
vt 0.895758 0.172888
vt 0.878217 0.203271
vt 0.898472 0.183016
vt 0.888344 0.200557
vt 0.895758 0.193143
vt 0.743375 0.499615
vt 0.734759 0.507760
vt 0.728958 0.499615
vt 0.743375 0.507760
vt 0.751991 0.507760
vt 0.757792 0.499615
vt 0.757792 0.488958
vt 0.743375 0.488958
vt 0.728958 0.488958
vt 0.757792 0.469430
vt 0.743375 0.469430
vt 0.728958 0.469430
vt 0.754980 0.465039
vt 0.731770 0.465039
vt 0.743375 0.465039
vt 0.752664 0.461423
vt 0.734086 0.461423
vt 0.743375 0.461423
vt 0.547243 0.196571
vt 0.560603 0.168246
vt 0.584499 0.192842
vt 0.588858 0.162360
vt 0.577700 0.204807
vt 0.599794 0.188898
vt 0.577649 0.219098
vt 0.547253 0.227317
vt 0.604542 0.211972
vt 0.625787 0.191472
vt 0.665841 0.165768
vt 0.584449 0.231071
vt 0.560553 0.255654
vt 0.588772 0.261575
vt 0.636510 0.201907
vt 0.677437 0.180640
vt 0.677428 0.243396
vt 0.599738 0.235045
vt 0.625721 0.232522
vt 0.665812 0.258268
vt 0.636436 0.222105
vt 0.906157 0.346420
vt 0.896997 0.333907
vt 0.909510 0.333907
vt 0.906157 0.321394
vt 0.895321 0.340163
vt 0.895321 0.327650
vt 0.896997 0.355580
vt 0.896997 0.312233
vt 0.890740 0.344744
vt 0.890740 0.323070
vt 0.884484 0.358933
vt 0.884484 0.321394
vt 0.884484 0.346420
vt 0.884484 0.308880
vt 0.871971 0.355580
vt 0.878227 0.323070
vt 0.878227 0.344744
vt 0.871971 0.312233
vt 0.873647 0.340163
vt 0.873647 0.327650
vt 0.862810 0.346420
vt 0.862810 0.321394
vt 0.871971 0.333907
vt 0.859457 0.333907
vt 0.843106 0.292848
vt 0.856384 0.303797
vt 0.843106 0.312262
vt 0.853870 0.292848
vt 0.856384 0.281899
vt 0.843106 0.273433
vt 0.749395 0.439286
vt 0.739390 0.414769
vt 0.749395 0.418757
vt 0.739390 0.441884
vt 0.935056 0.109817
vt 0.949424 0.109817
vt 0.935056 0.134548
vt 0.949424 0.135148
vt 0.935056 0.085087
vt 0.949424 0.084486
vt 0.542596 0.814261
vt 0.541224 0.769478
vt 0.549776 0.813406
vt 0.549907 0.853505
vt 0.534521 0.770434
vt 0.530467 0.735052
vt 0.542972 0.854301
vt 0.537091 0.898010
vt 0.450745 0.820553
vt 0.529096 0.894995
vt 0.457742 0.859975
vt 0.462259 0.894537
vt 0.444715 0.778737
vt 0.524438 0.736101
vt 0.442999 0.746790
vt 0.443166 0.690977
vt 0.523922 0.700499
vt 0.530025 0.701475
vt 0.444076 0.658882
vt 0.533845 0.666077
vt 0.540574 0.666963
vt 0.449675 0.616907
vt 0.541661 0.622225
vt 0.548862 0.623013
vt 0.548725 0.582940
vt 0.541765 0.582204
vt 0.535535 0.538561
vt 0.456371 0.577382
vt 0.527542 0.541646
vt 0.460603 0.542766
vt 0.935056 0.149128
vt 0.949424 0.152202
vt 0.935056 0.070507
vt 0.949424 0.067433
vt 0.669913 0.659796
vt 0.783321 0.663035
vt 0.781191 0.699480
vt 0.781490 0.629638
vt 0.665519 0.699919
vt 0.667666 0.620301
vt 0.780937 0.735821
vt 0.754554 0.545522
vt 0.665571 0.735524
vt 0.658436 0.576805
vt 0.642608 0.537400
vt 0.748301 0.525758
vt 0.670201 0.775684
vt 0.783312 0.772237
vt 0.781683 0.805598
vt 0.668205 0.815226
vt 0.755302 0.889717
vt 0.659289 0.858811
vt 0.643754 0.898318
vt 0.749157 0.909499
vt 0.720504 0.345806
vt 0.658359 0.345795
vt 0.720509 0.310993
vt 0.658365 0.310982
vt 0.720516 0.269644
vt 0.658372 0.269634
vt 0.658353 0.381144
vt 0.720498 0.381154
vt 0.658348 0.412746
vt 0.720493 0.412756
vt 0.658343 0.443187
vt 0.720488 0.443197
vt 0.658338 0.475599
vt 0.720482 0.475609
vt 0.658331 0.517188
vt 0.720475 0.517198
vt 0.374748 0.566607
vt 0.399264 0.560138
vt 0.401863 0.566607
vt 0.378735 0.560138
vt 0.905439 0.022302
vt 0.908487 0.022928
vt 0.910231 0.018441
vt 0.906808 0.023737
vt 0.646771 0.701851
vt 0.660313 0.659217
vt 0.647022 0.733712
vt 0.661638 0.620088
vt 0.660629 0.776315
vt 0.652368 0.576664
vt 0.635205 0.535160
vt 0.662200 0.815472
vt 0.653243 0.858987
vt 0.636404 0.900607
vt 0.947800 0.901971
vt 0.966252 0.862065
vt 0.966350 0.901926
vt 0.947703 0.862110
vt 0.966410 0.926405
vt 0.947860 0.926450
vt 0.947939 0.958771
vt 0.966489 0.958726
vt 0.086359 0.540886
vt 0.018776 0.540876
vt 0.082974 0.512954
vt 0.022168 0.512945
vt 0.019399 0.572291
vt 0.085726 0.572301
vt 0.022224 0.605669
vt 0.082892 0.605678
vt 0.027809 0.640532
vt 0.077297 0.640539
vt 0.911551 0.531346
vt 0.888690 0.554551
vt 0.888690 0.531346
vt 0.911551 0.554551
vt 0.888690 0.572765
vt 0.911551 0.572765
vt 0.911551 0.590685
vt 0.888690 0.590685
vt 0.911551 0.610105
vt 0.888690 0.610105
vt 0.101879 0.996301
vt 0.024957 0.982823
vt 0.084974 0.982834
vt 0.007849 0.996284
vt 0.915640 0.366019
vt 0.895418 0.375179
vt 0.895418 0.366019
vt 0.915640 0.375179
vt 0.895418 0.387692
vt 0.915640 0.387692
vt 0.915640 0.400206
vt 0.895418 0.400206
vt 0.895418 0.409366
vt 0.915640 0.409366
vt 0.119670 0.988396
vt 0.183527 0.988390
vt 0.123961 0.991487
vt 0.179236 0.991482
vt 0.198746 0.968297
vt 0.104446 0.968306
vt 0.469663 0.911641
vt 0.404724 0.916351
vt 0.413508 0.911631
vt 0.478445 0.916365
vt 0.404306 0.927226
vt 0.478859 0.927240
vt 0.404299 0.963355
vt 0.478853 0.963369
vt 0.407761 0.974993
vt 0.475386 0.975005
vt 0.423748 0.985410
vt 0.459396 0.985417
vt 0.003917 0.991825
vt 0.019838 0.980578
vt 0.924355 0.108163
vt 0.909987 0.125875
vt 0.909987 0.108163
vt 0.924355 0.126380
vt 0.909987 0.090451
vt 0.924355 0.089946
vt 0.074805 0.973998
vt 0.034931 0.973991
vt 0.929158 0.201177
vt 0.914791 0.162760
vt 0.929158 0.165460
vt 0.914791 0.204537
vt 0.876541 0.953231
vt 0.885017 0.933417
vt 0.872197 0.933416
vt 0.868084 0.953231
vt 0.089889 0.980684
vt 0.105813 0.991844
vt 0.028765 0.973990
vt 0.899447 0.201177
vt 0.913815 0.162760
vt 0.913815 0.204537
vt 0.899447 0.165460
vt 0.885020 0.866835
vt 0.872201 0.866835
vt 0.872628 0.430066
vt 0.872628 0.409845
vt 0.878885 0.430066
vt 0.878885 0.409845
vt 0.885142 0.409845
vt 0.885142 0.430066
vt 0.924355 0.147474
vt 0.909987 0.150547
vt 0.080972 0.974000
vt 0.882190 0.847351
vt 0.868090 0.847351
vt 0.909987 0.065779
vt 0.924355 0.068853
vt 0.075043 0.657730
vt 0.034810 0.657722
vt 0.029005 0.656658
vt 0.354995 0.387963
vt 0.384006 0.306377
vt 0.384006 0.387963
vt 0.354995 0.306377
vt 0.413016 0.306377
vt 0.354995 0.467616
vt 0.413016 0.387963
vt 0.384006 0.467616
vt 0.354995 0.502709
vt 0.413016 0.467616
vt 0.384006 0.502709
vt 0.413016 0.502709
vt 0.819827 0.350741
vt 0.796700 0.285227
vt 0.818559 0.285227
vt 0.795429 0.350740
vt 0.819943 0.439472
vt 0.795306 0.439471
vt 0.819921 0.461578
vt 0.795326 0.461577
vt 0.819931 0.489696
vt 0.795315 0.489695
vt 0.819950 0.583303
vt 0.795289 0.583302
vt 0.819554 0.640524
vt 0.795681 0.640523
vt 0.080848 0.656667
vt 0.346344 0.229474
vt 0.285657 0.504802
vt 0.286479 0.229481
vt 0.347228 0.504795
vt 0.823489 0.805164
vt 0.805663 0.663793
vt 0.823513 0.655307
vt 0.805642 0.796672
vt 0.270605 0.508466
vt 0.274923 0.570184
vt 0.211021 0.508461
vt 0.206693 0.570179
vt 0.011010 0.649744
vt 0.011010 0.973990
vt 0.838973 0.018529
vt 0.742756 0.025912
vt 0.838999 0.024817
vt 0.742468 0.019565
vt 0.720058 0.028161
vt 0.718527 0.022041
vt 0.690973 0.036763
vt 0.693959 0.042170
vt 0.609865 0.105033
vt 0.613277 0.110176
vt 0.568141 0.145920
vt 0.559109 0.144985
vt 0.612267 0.295194
vt 0.644773 0.387331
vt 0.612202 0.385173
vt 0.612195 0.389803
vt 0.644833 0.292500
vt 0.645359 0.479398
vt 0.612268 0.292529
vt 0.612767 0.479927
vt 0.614670 0.522531
vt 0.646497 0.522531
vt 0.570373 0.295216
vt 0.570375 0.292552
vt 0.555230 0.292542
vt 0.555155 0.387695
vt 0.570294 0.385348
vt 0.570295 0.389991
vt 0.555221 0.481028
vt 0.570499 0.480749
vt 0.553916 0.494414
vt 0.576310 0.522531
vt 0.548970 0.509476
vt 0.540425 0.522531
vt 0.098726 0.974007
vt 0.098846 0.649761
vt 0.884552 0.805174
vt 0.900511 0.663808
vt 0.900490 0.796687
vt 0.884576 0.655316
vt 0.797907 0.663792
vt 0.797886 0.796670
vt 0.885956 0.409845
vt 0.899234 0.425010
vt 0.885956 0.425010
vt 0.899234 0.409845
vt 0.383915 0.857082
vt 0.417441 0.587334
vt 0.414849 0.859349
vt 0.384893 0.586917
vt 0.364175 0.586749
vt 0.380278 0.881141
vt 0.404657 0.887257
vt 0.362891 0.856478
vt 0.390095 0.916297
vt 0.302803 0.851016
vt 0.302539 0.586916
vt 0.283996 0.587009
vt 0.284046 0.847948
vt 0.369604 0.906942
vt 0.360518 0.877990
vt 0.368339 0.942641
vt 0.286629 0.930242
vt 0.270677 0.932998
vt 0.350835 0.900468
vt 0.339788 0.922162
vt 0.328030 0.946320
vt 0.354102 0.931554
vt 0.336978 0.956012
vt 0.345759 0.969030
vt 0.909228 0.953213
vt 0.913554 0.933468
vt 0.900781 0.933470
vt 0.917655 0.953211
vt 0.215304 0.311363
vt 0.266353 0.311367
vt 0.217230 0.225458
vt 0.264440 0.225461
vt 0.774651 0.443040
vt 0.774651 0.330810
vt 0.784656 0.341901
vt 0.784656 0.440036
vt 0.728728 0.310456
vt 0.738734 0.394768
vt 0.728728 0.401237
vt 0.738734 0.313460
vt 0.913263 0.425011
vt 0.899985 0.409845
vt 0.913263 0.409845
vt 0.899985 0.425011
vt 0.128177 0.962293
vt 0.128134 0.701380
vt 0.146889 0.698304
vt 0.146718 0.962380
vt 0.208350 0.962525
vt 0.130669 0.619098
vt 0.114524 0.616253
vt 0.183831 0.627150
vt 0.172062 0.602999
vt 0.206967 0.692817
vt 0.229066 0.962350
vt 0.194890 0.648835
vt 0.198140 0.617751
vt 0.181006 0.593304
vt 0.212371 0.606658
vt 0.189780 0.580282
vt 0.213655 0.642354
vt 0.234140 0.632990
vt 0.204584 0.671307
vt 0.224340 0.668148
vt 0.248716 0.662023
vt 0.258920 0.689925
vt 0.227989 0.692204
vt 0.261612 0.961922
vt 0.452378 0.058219
vt 0.467783 0.051941
vt 0.467659 0.073675
vt 0.483115 0.058394
vt 0.445925 0.073551
vt 0.489393 0.073799
vt 0.452203 0.088955
vt 0.482940 0.089131
vt 0.467535 0.095409
vt 0.267276 0.847859
vt 0.267076 0.587110
vt 0.514715 0.036102
vt 0.524038 0.011728
vt 0.524041 0.036100
vt 0.514711 0.011730
vt 0.533368 0.036099
vt 0.533365 0.011727
vt 0.542695 0.036097
vt 0.542691 0.011725
vt 0.552018 0.011724
vt 0.552022 0.036096
vt 0.561349 0.036095
vt 0.561345 0.011723
vt 0.570672 0.011721
vt 0.570675 0.036093
vt 0.579999 0.011720
vt 0.580002 0.036092
vt 0.589329 0.036090
vt 0.589325 0.011718
vt 0.501798 0.919774
vt 0.508984 0.941103
vt 0.501799 0.938971
vt 0.508982 0.917641
vt 0.521224 0.916301
vt 0.521227 0.942441
vt 0.532024 0.915294
vt 0.532027 0.943447
vt 0.546042 0.913743
vt 0.546045 0.944995
vt 0.555591 0.946643
vt 0.555589 0.912094
vt 0.569057 0.946642
vt 0.569054 0.912093
vt 0.586019 0.912091
vt 0.586021 0.946641
vt 0.603554 0.919766
vt 0.603556 0.938963
vt 0.111368 0.701469
vt 0.111258 0.962198
vt 0.508259 0.284839
vt 0.487730 0.382973
vt 0.487730 0.284839
vt 0.508259 0.382973
vt 0.507026 0.388679
vt 0.486498 0.469986
vt 0.486498 0.388679
vt 0.507026 0.469986
vt 0.900770 0.867127
vt 0.913543 0.867125
vt 0.903589 0.847712
vt 0.917638 0.847710
vt 0.510999 0.387415
vt 0.531018 0.292491
vt 0.530972 0.387586
vt 0.511054 0.292437
vt 0.510152 0.479668
vt 0.534888 0.480965
vt 0.507037 0.492333
vt 0.532430 0.494382
vt 0.500647 0.507286
vt 0.526591 0.509724
vt 0.491585 0.522531
vt 0.517865 0.522531
vt 0.569243 0.090568
vt 0.553838 0.096846
vt 0.553963 0.075112
vt 0.538506 0.090393
vt 0.575697 0.075236
vt 0.532229 0.074988
vt 0.569419 0.059832
vt 0.538682 0.059656
vt 0.554087 0.053378
vt 0.538507 0.090393
vt 0.445925 0.073550
vt 0.024564 0.243945
vt 0.054003 0.422233
vt 0.024605 0.422328
vt 0.053804 0.196207
vt 0.024602 0.500077
vt 0.053891 0.500007
vt 0.687751 0.251365
vt 0.723995 0.244599
vt 0.687236 0.245217
vt 0.694589 0.204369
vt 0.725859 0.250664
vt 0.725552 0.204444
vt 0.713037 0.132065
vt 0.754903 0.239228
vt 0.757389 0.244254
vt 0.757998 0.178145
vt 0.783145 0.224785
vt 0.786802 0.229194
vt 0.806234 0.207292
vt 0.810633 0.211200
vt 0.779902 0.149845
vt 0.787612 0.127911
vt 0.824047 0.185404
vt 0.829017 0.188429
vt 0.836362 0.157970
vt 0.843230 0.119674
vt 0.842184 0.159622
vt 0.849463 0.119192
vt 0.666672 0.124299
vt 0.672542 0.136318
vt 0.672521 0.126988
vt 0.666719 0.139158
vt 0.852719 0.445814
vt 0.829724 0.438698
vt 0.852726 0.438697
vt 0.829732 0.445815
vt 0.181940 0.553152
vt 0.196359 0.328458
vt 0.196342 0.573271
vt 0.178301 0.329867
vt 0.175420 0.253069
vt 0.120944 0.553148
vt 0.106540 0.573264
vt 0.106557 0.328452
vt 0.124615 0.329863
vt 0.127209 0.253066
vt 0.445406 0.524808
vt 0.420612 0.425128
vt 0.445396 0.425125
vt 0.420621 0.524810
vt 0.470190 0.524806
vt 0.420603 0.327807
vt 0.470180 0.425123
vt 0.445387 0.327805
vt 0.420601 0.313547
vt 0.470171 0.327803
vt 0.445385 0.313545
vt 0.420600 0.296065
vt 0.470170 0.313542
vt 0.445384 0.296062
vt 0.420598 0.277050
vt 0.470168 0.296060
vt 0.445382 0.277048
vt 0.470166 0.277046
vt 0.504964 0.012579
vt 0.495641 0.036952
vt 0.495637 0.012580
vt 0.504968 0.036951
vt 0.486311 0.012581
vt 0.486314 0.036954
vt 0.476984 0.012583
vt 0.476987 0.036955
vt 0.467661 0.036956
vt 0.467657 0.012584
vt 0.458330 0.012586
vt 0.458334 0.036958
vt 0.449007 0.036959
vt 0.449003 0.012587
vt 0.439680 0.036961
vt 0.439676 0.012588
vt 0.430350 0.012590
vt 0.430353 0.036962
vt 0.913442 0.663810
vt 0.913421 0.796689
vt 0.090787 0.274210
vt 0.090651 0.500250
vt 0.061396 0.452518
vt 0.061388 0.274123
vt 0.090612 0.196420
vt 0.061353 0.196369
vt 0.595960 0.992322
vt 0.613103 0.971690
vt 0.604995 0.964914
vt 0.615639 0.982912
vt 0.604965 0.992357
vt 0.584768 0.982213
vt 0.593946 0.960778
vt 0.582881 0.958964
vt 0.573432 0.975087
vt 0.542910 0.959308
vt 0.555866 0.974815
vt 0.545454 0.980493
vt 0.528579 0.980610
vt 0.508758 0.958899
vt 0.507903 0.975836
vt 0.489943 0.963635
vt 0.493533 0.955542
vt 0.830207 0.412672
vt 0.850428 0.412672
vt 0.830207 0.425186
vt 0.850428 0.425186
vt 0.830207 0.400159
vt 0.850428 0.400159
vt 0.826178 0.045969
vt 0.843510 0.051591
vt 0.744270 0.045878
vt 0.858230 0.067111
vt 0.862830 0.088340
vt 0.723889 0.061007
vt 0.892214 0.128646
vt 0.892214 0.138774
vt 0.883545 0.128646
vt 0.883545 0.138774
vt 0.883545 0.148901
vt 0.892214 0.148901
vt 0.898222 0.501559
vt 0.901937 0.524764
vt 0.888285 0.501559
vt 0.911874 0.524764
vt 0.896314 0.483345
vt 0.886377 0.483345
vt 0.888285 0.465425
vt 0.898222 0.465425
vt 0.896066 0.446005
vt 0.906002 0.446005
vt 0.827903 0.969428
vt 0.816153 0.986480
vt 0.860002 0.977369
vt 0.770732 0.981710
vt 0.820311 0.945885
vt 0.825018 0.912841
vt 0.860473 0.828466
vt 0.797007 0.865997
vt 0.852302 0.865997
vt 0.785122 0.828466
vt 0.809962 0.907531
vt 0.781408 0.907531
vt 0.851382 0.394403
vt 0.831161 0.394403
vt 0.851382 0.381890
vt 0.831161 0.381890
vt 0.831161 0.369377
vt 0.851382 0.369377
vt 0.882267 0.130633
vt 0.873598 0.140760
vt 0.873598 0.130633
vt 0.882267 0.140760
vt 0.882267 0.123219
vt 0.873598 0.123219
vt 0.883862 0.501559
vt 0.870210 0.524764
vt 0.873925 0.501559
vt 0.860273 0.524764
vt 0.875833 0.483345
vt 0.885771 0.483345
vt 0.883862 0.465425
vt 0.873925 0.465425
vt 0.876082 0.446005
vt 0.866145 0.446005
vt 0.830646 0.352361
vt 0.850867 0.358617
vt 0.830646 0.358617
vt 0.850867 0.363198
vt 0.830646 0.363198
vt 0.850867 0.352361
vt 0.850867 0.346104
vt 0.830646 0.346104
vt 0.850867 0.341524
vt 0.830646 0.341524
vt 0.881398 0.105042
vt 0.890067 0.094915
vt 0.890067 0.105042
vt 0.881398 0.094915
vt 0.890067 0.087501
vt 0.881398 0.087501
vt 0.849364 0.338732
vt 0.829143 0.334152
vt 0.849364 0.334152
vt 0.829143 0.338732
vt 0.829143 0.327895
vt 0.849364 0.327895
vt 0.849364 0.321639
vt 0.829143 0.321639
vt 0.849364 0.317058
vt 0.829143 0.317058
vt 0.486314 0.036953
vt 0.852660 0.530308
vt 0.829799 0.530309
vt 0.852605 0.511516
vt 0.829852 0.511517
vt 0.761977 0.330810
vt 0.771982 0.431949
vt 0.761977 0.443040
vt 0.771982 0.333815
vt 0.741402 0.401237
vt 0.751408 0.316925
vt 0.751408 0.398233
vt 0.741402 0.310456
vt 0.745881 0.052359
vt 0.825332 0.052419
vt 0.840496 0.057353
vt 0.853031 0.070568
vt 0.727470 0.066136
vt 0.858446 0.093166
vt 0.882267 0.150888
vt 0.873598 0.150888
vt 0.882267 0.158302
vt 0.873598 0.158302
vt 0.745753 0.948681
vt 0.756189 0.927623
vt 0.756189 0.948681
vt 0.768875 0.948682
vt 0.768875 0.927623
vt 0.745753 0.927622
vt 0.736359 0.927622
vt 0.736358 0.948681
vt 0.725983 0.926287
vt 0.725983 0.950016
vt 0.716160 0.925283
vt 0.716159 0.951019
vt 0.681172 0.955770
vt 0.681173 0.920530
vt 0.651278 0.919200
vt 0.651277 0.957099
vt 0.637609 0.923004
vt 0.637604 0.953294
vt 0.622595 0.957906
vt 0.622604 0.918385
vt 0.890067 0.115170
vt 0.881398 0.115170
vt 0.890067 0.122584
vt 0.881398 0.122584
vt 0.269560 0.118342
vt 0.259798 0.160579
vt 0.259802 0.119958
vt 0.269556 0.162196
vt 0.343309 0.097697
vt 0.343301 0.182855
vt 0.893460 0.128646
vt 0.902130 0.128646
vt 0.902130 0.138774
vt 0.893460 0.138774
vt 0.893460 0.148901
vt 0.902130 0.148901
vt 0.858560 0.385433
vt 0.873725 0.385433
vt 0.858560 0.404847
vt 0.873725 0.404847
vt 0.873725 0.366019
vt 0.858560 0.366019
vt 0.434473 0.749647
vt 0.437706 0.781632
vt 0.434290 0.688155
vt 0.444193 0.820628
vt 0.437032 0.656092
vt 0.451158 0.857087
vt 0.456010 0.888726
vt 0.443122 0.616910
vt 0.449808 0.580337
vt 0.454401 0.548638
vt 0.145916 0.119160
vt 0.137131 0.161397
vt 0.137136 0.119115
vt 0.145912 0.161354
vt 0.894682 0.409366
vt 0.874461 0.400206
vt 0.894682 0.400206
vt 0.874461 0.409366
vt 0.876989 0.398641
vt 0.874461 0.387692
vt 0.892155 0.398641
vt 0.876989 0.387692
vt 0.894682 0.387692
vt 0.876989 0.376743
vt 0.892155 0.387692
vt 0.892155 0.376743
vt 0.874461 0.375179
vt 0.894682 0.375179
vt 0.874461 0.366019
vt 0.894682 0.366019
vt 0.887950 0.610105
vt 0.865088 0.586900
vt 0.887950 0.586900
vt 0.865088 0.610105
vt 0.865088 0.568686
vt 0.887950 0.568686
vt 0.887950 0.550766
vt 0.865088 0.550766
vt 0.887950 0.531346
vt 0.865088 0.531346
vt 0.871814 0.405326
vt 0.865558 0.425547
vt 0.865558 0.405326
vt 0.871814 0.425547
vt 0.859301 0.405326
vt 0.859301 0.425547
vt 0.126489 0.226423
vt 0.138647 0.236485
vt 0.126489 0.209048
vt 0.156706 0.236485
vt 0.174765 0.236485
vt 0.186922 0.226423
vt 0.186922 0.209048
vt 0.186922 0.192399
vt 0.126489 0.192399
vt 0.180479 0.183434
vt 0.132933 0.183434
vt 0.169333 0.176053
vt 0.156706 0.176053
vt 0.144079 0.176053
vt 0.852650 0.610911
vt 0.829849 0.597539
vt 0.852617 0.597538
vt 0.829817 0.610912
vt 0.852664 0.625544
vt 0.829804 0.625546
vt 0.503899 0.122884
vt 0.535848 0.146979
vt 0.452855 0.187476
vt 0.535838 0.227993
vt 0.452951 0.110774
vt 0.503883 0.252080
vt 0.402834 0.117249
vt 0.452933 0.264178
vt 0.364024 0.139262
vt 0.402817 0.257691
vt 0.364013 0.235668
vt 0.353425 0.182944
vt 0.353433 0.097610
vt 0.366972 0.551637
vt 0.285704 0.567733
vt 0.285704 0.551637
vt 0.366972 0.567733
vt 0.013344 0.181777
vt 0.013352 0.098712
vt 0.830064 0.643382
vt 0.852405 0.643381
vt 0.726716 0.441884
vt 0.726716 0.414769
vt 0.736722 0.417368
vt 0.736722 0.437897
vt 0.764481 0.260963
vt 0.758225 0.275153
vt 0.751968 0.264316
vt 0.742807 0.273477
vt 0.764481 0.273477
vt 0.753644 0.279733
vt 0.776994 0.264316
vt 0.739455 0.285990
vt 0.770738 0.275153
vt 0.751968 0.285990
vt 0.786155 0.273477
vt 0.742807 0.298503
vt 0.775318 0.279733
vt 0.753644 0.292246
vt 0.789507 0.285990
vt 0.758225 0.296827
vt 0.776994 0.285990
vt 0.751968 0.307663
vt 0.775318 0.292246
vt 0.764481 0.298503
vt 0.786155 0.298503
vt 0.764481 0.311016
vt 0.770738 0.296827
vt 0.776994 0.307663
vt 0.839492 0.292848
vt 0.839492 0.312262
vt 0.826214 0.303797
vt 0.828728 0.292848
vt 0.826214 0.281899
vt 0.839492 0.273433
vt 0.483742 0.273748
vt 0.510858 0.273748
vt 0.900114 0.254973
vt 0.906148 0.259923
vt 0.900114 0.266817
vt 0.906148 0.254973
vt 0.906148 0.250024
vt 0.888440 0.266817
vt 0.900114 0.243129
vt 0.888440 0.254973
vt 0.883680 0.262052
vt 0.888440 0.243129
vt 0.883680 0.254973
vt 0.883680 0.247895
s 1
f 1/1/1 2/2/2 3/3/2
f 4/4/1 2/2/2 1/1/1
f 3/3/2 5/5/3 1/1/1
f 4/4/1 6/6/1 2/2/2
f 5/5/3 3/3/2 7/7/2
f 4/4/1 8/8/4 6/6/1
f 5/5/3 7/7/2 9/9/1
f 8/8/4 10/10/1 6/6/1
f 9/9/1 7/7/2 11/11/2
f 12/12/1 10/10/1 8/8/4
f 13/13/2 9/9/1 11/11/2
f 10/10/1 12/12/1 14/14/4
f 9/9/1 13/13/2 15/15/1
f 12/12/1 16/16/2 14/14/4
f 17/17/1 15/15/1 13/13/2
f 16/16/2 12/12/1 18/18/1
f 15/15/1 17/17/1 19/19/2
f 18/18/1 20/20/2 16/16/2
f 19/19/2 17/17/1 21/21/1
f 18/18/1 22/22/4 20/20/2
f 22/22/4 19/19/2 21/21/1
f 22/22/4 21/21/1 20/20/2
f 23/23/5 24/24/6 25/10/7
f 26/6/6 25/10/7 24/24/6
f 27/14/8 23/23/5 25/10/7
f 28/25/9 26/6/6 24/24/6
f 29/26/10 23/23/5 27/14/8
f 30/2/11 26/6/6 28/25/9
f 27/14/8 31/27/12 29/26/10
f 28/25/9 32/28/13 30/2/11
f 31/27/12 27/14/8 33/16/12
f 34/3/13 30/2/11 32/28/13
f 33/16/12 35/29/14 31/27/12
f 36/30/15 34/3/13 32/28/13
f 35/29/14 33/16/12 37/20/14
f 38/7/15 34/3/13 36/30/15
f 37/20/14 39/31/16 35/29/14
f 36/30/15 40/11/17 38/7/15
f 39/31/16 37/20/14 41/21/18
f 40/11/17 36/30/15 42/32/19
f 41/21/18 43/33/20 39/31/16
f 42/32/19 44/13/21 40/11/17
f 43/33/20 41/21/18 45/17/22
f 44/13/21 42/32/19 46/34/23
f 45/17/22 46/34/23 43/33/20
f 46/34/23 45/17/22 44/13/21
f 47/35/1 48/36/4 49/37/2
f 49/37/2 48/36/4 50/38/24
f 51/39/1 48/36/4 47/35/1
f 50/38/24 48/36/4 52/40/2
f 51/39/1 53/41/2 48/36/4
f 52/40/2 48/36/4 54/42/2
f 53/41/2 55/43/25 48/36/4
f 54/42/2 48/36/4 56/44/1
f 55/43/25 57/45/26 48/36/4
f 58/46/2 56/44/1 48/36/4
f 57/45/26 59/47/27 48/36/4
f 59/47/27 58/46/2 48/36/4
f 60/48/1 61/49/1 62/50/2
f 61/49/1 60/48/1 63/51/2
f 60/48/1 64/52/1 63/51/2
f 64/52/1 60/48/1 65/53/1
f 60/48/1 66/54/1 65/53/1
f 62/50/2 67/55/28 60/48/1
f 66/54/1 60/48/1 67/55/28
f 67/55/28 62/50/2 68/56/1
f 67/55/28 69/57/2 66/54/1
f 68/56/1 70/58/2 67/55/28
f 69/57/2 67/55/28 70/58/2
f 70/58/2 68/56/1 71/59/4
f 70/58/2 72/60/2 69/57/2
f 70/58/2 71/59/4 73/61/25
f 72/60/2 70/58/2 74/62/2
f 70/58/2 73/61/25 74/62/2
f 72/60/2 74/62/2 75/63/2
f 74/62/2 73/61/25 76/64/2
f 75/63/2 74/62/2 77/65/2
f 74/62/2 76/64/2 77/65/2
f 78/66/29 79/67/30 80/68/31
f 81/69/32 80/68/31 79/67/30
f 78/66/29 80/68/31 82/70/33
f 80/68/31 81/69/32 83/71/34
f 84/72/35 78/66/29 82/70/33
f 78/66/29 84/72/35 85/73/36
f 82/70/33 80/68/31 86/74/37
f 80/68/31 83/71/34 86/74/37
f 84/72/35 82/70/33 86/74/37
f 81/69/32 87/75/38 83/71/34
f 83/71/34 87/75/38 86/74/37
f 87/75/38 81/69/32 88/76/39
f 89/77/40 85/73/36 84/72/35
f 89/77/40 84/72/35 86/74/37
f 85/73/36 89/77/40 90/78/41
f 91/79/42 90/78/41 89/77/40
f 87/75/38 88/76/39 92/80/43
f 87/75/38 92/80/43 86/74/37
f 92/80/43 88/76/39 93/81/44
f 94/82/45 92/80/43 93/81/44
f 95/83/46 91/79/42 89/77/40
f 95/83/46 89/77/40 86/74/37
f 96/84/47 91/79/42 95/83/46
f 96/84/47 95/83/46 86/74/37
f 91/79/42 96/84/47 97/85/48
f 92/80/43 94/82/45 98/86/49
f 92/80/43 98/86/49 86/74/37
f 97/85/48 98/86/49 94/82/45
f 98/86/49 96/84/47 86/74/37
f 98/86/49 97/85/48 96/84/47
f 99/87/1 100/88/2 101/89/1
f 102/90/1 101/89/1 100/88/2
f 100/88/2 99/87/1 103/91/1
f 102/90/1 100/88/2 104/92/2
f 105/93/2 103/91/1 99/87/1
f 104/92/2 106/94/50 102/90/1
f 103/91/1 105/93/2 107/95/1
f 106/94/50 104/92/2 108/96/50
f 109/97/1 107/95/1 105/93/2
f 110/98/2 106/94/50 108/96/50
f 107/95/1 109/97/1 111/99/2
f 106/94/50 110/98/2 112/100/1
f 113/101/50 111/99/2 109/97/1
f 114/102/25 112/100/1 110/98/2
f 111/99/2 113/101/50 115/103/27
f 112/100/1 114/102/25 116/104/1
f 113/101/50 117/105/51 115/103/27
f 118/106/27 116/104/1 114/102/25
f 119/107/1 117/105/51 113/101/50
f 116/104/1 118/106/27 120/108/24
f 117/105/51 119/107/1 121/109/1
f 118/106/27 122/110/1 120/108/24
f 121/109/1 119/107/1 122/110/1
f 122/110/1 118/106/27 121/109/1
f 123/111/24 124/112/50 125/113/50
f 124/112/50 123/111/24 126/114/24
f 127/115/50 126/114/24 123/111/24
f 128/116/50 127/115/50 123/111/24
f 129/117/52 130/118/52 131/119/52
f 130/118/52 129/117/52 132/120/52
f 133/118/53 134/117/54 135/119/55
f 134/117/54 133/118/53 136/120/55
f 137/121/56 138/122/56 139/123/57
f 138/122/56 140/124/57 139/123/57
f 141/125/58 138/122/56 137/121/56
f 141/125/58 142/126/59 138/122/56
f 143/127/60 144/128/61 145/129/62
f 146/130/63 143/127/60 145/129/62
f 144/128/61 143/127/60 147/131/64
f 147/131/64 148/132/65 144/128/61
f 143/127/60 146/130/63 149/133/66
f 150/134/67 149/133/66 146/130/63
f 151/135/68 147/131/64 143/127/60
f 149/133/66 151/135/68 143/127/60
f 149/133/66 150/134/67 152/136/69
f 151/135/68 149/133/66 153/137/70
f 152/136/69 153/137/70 149/133/66
f 153/137/70 152/136/69 154/138/71
f 147/131/64 151/135/68 155/139/72
f 156/140/73 147/131/64 155/139/72
f 147/131/64 156/140/73 148/132/65
f 157/141/74 156/140/73 155/139/72
f 158/142/75 156/140/73 157/141/74
f 159/143/76 148/132/65 156/140/73
f 156/140/73 158/142/75 159/143/76
f 148/132/65 159/143/76 160/144/77
f 161/145/78 159/143/76 158/142/75
f 162/146/79 160/144/77 159/143/76
f 159/143/76 161/145/78 162/146/79
f 160/144/77 162/146/79 163/147/80
f 164/148/81 162/146/79 161/145/78
f 165/149/82 163/147/80 162/146/79
f 162/146/79 164/148/81 165/149/82
f 163/147/80 165/149/82 166/150/83
f 167/151/84 166/150/83 165/149/82
f 165/149/82 164/148/81 168/152/85
f 165/149/82 168/152/85 167/151/84
f 169/153/86 167/151/84 168/152/85
f 168/152/85 164/148/81 170/154/87
f 168/152/85 171/155/88 169/153/86
f 168/152/85 170/154/87 171/155/88
f 171/155/88 170/154/87 172/156/89
f 173/123/90 174/124/90 175/157/90
f 174/124/90 176/158/90 175/157/90
f 177/159/91 178/160/91 179/126/91
f 177/159/91 179/126/91 180/125/91
f 181/161/92 182/162/93 183/163/94
f 181/161/92 184/164/95 182/162/93
f 183/163/94 185/165/96 181/161/92
f 184/164/95 181/161/92 186/166/97
f 185/165/96 183/163/94 187/167/98
f 186/166/97 188/168/99 184/164/95
f 185/165/96 187/167/98 189/169/100
f 188/168/99 186/166/97 190/170/101
f 191/171/102 188/168/99 190/170/101
f 188/168/99 191/171/102 192/172/103
f 187/167/98 193/173/104 189/169/100
f 193/173/104 187/167/98 194/174/105
f 193/173/104 194/174/105 195/175/106
f 193/173/104 195/175/106 196/176/107
f 196/176/107 195/175/106 197/177/108
f 196/176/107 197/177/108 198/178/109
f 197/177/108 199/179/110 198/178/109
f 199/179/110 197/177/108 200/180/111
f 201/181/112 202/182/113 203/183/114
f 203/183/114 202/182/113 204/184/115
f 203/183/114 204/184/115 205/185/116
f 205/185/116 204/184/115 206/186/117
f 201/181/112 207/187/118 202/182/113
f 208/188/119 207/187/118 201/181/112
f 208/188/119 209/189/120 207/187/118
f 209/189/120 208/188/119 210/190/121
f 210/190/121 211/191/122 209/189/120
f 212/192/123 211/191/122 210/190/121
f 212/192/123 213/193/124 211/191/122
f 213/193/124 212/192/123 214/194/125
f 214/194/125 215/195/126 213/193/124
f 216/196/127 215/195/126 214/194/125
f 217/197/128 218/198/128 219/199/129
f 218/198/128 217/197/128 220/200/128
f 221/198/130 222/197/130 223/199/130
f 222/197/130 221/198/130 224/200/130
f 225/201/131 226/202/132 227/203/133
f 226/202/132 225/201/131 228/204/134
f 229/205/135 230/165/136 231/169/137
f 232/206/138 230/165/136 229/205/135
f 230/165/136 232/206/138 233/161/139
f 229/205/135 234/147/140 232/206/138
f 234/147/140 229/205/135 235/144/141
f 236/150/142 232/206/138 234/147/140
f 237/207/143 235/144/141 229/205/135
f 229/205/135 231/169/137 237/207/143
f 235/144/141 237/207/143 238/132/144
f 238/132/144 237/207/143 239/128/145
f 240/208/146 233/161/139 232/206/138
f 232/206/138 236/150/142 240/208/146
f 233/161/139 240/208/146 241/166/147
f 242/170/148 241/166/147 240/208/146
f 243/209/149 239/128/145 237/207/143
f 243/209/149 237/207/143 231/169/137
f 239/128/145 243/209/149 244/129/150
f 231/169/137 245/173/151 243/209/149
f 240/208/146 246/210/152 242/170/148
f 240/208/146 236/150/142 246/210/152
f 247/171/153 242/170/148 246/210/152
f 248/151/154 246/210/152 236/150/142
f 246/210/152 249/211/155 247/171/153
f 246/210/152 248/151/154 249/211/155
f 250/153/156 249/211/155 248/151/154
f 251/212/157 243/209/149 245/173/151
f 251/212/157 244/129/150 243/209/149
f 245/173/151 252/176/158 251/212/157
f 253/178/159 251/212/157 252/176/158
f 254/213/160 244/129/150 251/212/157
f 251/212/157 253/178/159 254/213/160
f 255/179/161 254/213/160 253/178/159
f 244/129/150 254/213/160 256/130/162
f 254/213/160 255/179/161 257/214/163
f 257/214/163 256/130/162 254/213/160
f 256/130/162 257/214/163 258/134/164
f 259/215/165 260/216/166 261/217/165
f 260/216/166 259/215/165 262/218/167
f 263/219/168 259/215/165 261/217/165
f 259/215/165 263/219/168 264/220/169
f 263/219/168 265/221/170 264/220/169
f 266/222/171 265/221/170 263/219/168
f 267/223/172 268/224/172 269/225/173
f 269/225/173 268/224/172 270/226/173
f 267/223/172 271/227/174 268/224/172
f 272/228/174 271/227/174 267/223/172
f 272/228/174 273/229/175 271/227/174
f 273/229/175 272/228/174 274/230/175
f 274/230/175 275/231/176 273/229/175
f 275/231/176 274/230/175 276/232/176
f 277/233/177 278/234/178 279/235/177
f 278/234/178 277/233/177 280/236/179
f 280/236/179 281/237/180 278/234/178
f 281/237/180 280/236/179 282/238/181
f 283/239/182 281/237/180 282/238/181
f 281/237/180 283/239/182 284/240/182
f 285/241/183 284/240/182 283/239/182
f 284/240/182 285/241/183 286/242/183
f 287/243/184 288/244/185 289/245/184
f 287/243/184 290/246/185 288/244/185
f 291/247/186 292/248/187 293/249/188
f 292/248/187 291/247/186 294/250/187
f 294/250/187 295/251/189 292/248/187
f 295/251/189 294/250/187 296/252/190
f 297/253/191 295/251/189 296/252/190
f 295/251/189 297/253/191 298/254/191
f 298/254/191 297/253/191 299/255/192
f 300/256/193 299/255/192 297/253/191
f 301/257/2 302/258/25 303/259/2
f 303/259/2 302/258/25 304/260/4
f 301/257/2 305/261/1 302/258/25
f 306/262/1 305/261/1 301/257/2
f 307/263/26 308/264/24 309/265/4
f 308/264/24 307/263/26 310/266/27
f 310/266/27 311/267/24 308/264/24
f 311/267/24 310/266/27 312/268/27
f 312/268/27 313/269/27 311/267/24
f 313/269/27 312/268/27 314/270/24
f 314/270/24 315/271/26 313/269/27
f 315/271/26 314/270/24 316/272/27
f 315/271/26 316/272/27 317/273/27
f 317/273/27 316/272/27 318/274/24
f 319/275/194 320/276/195 321/246/194
f 320/276/195 322/244/195 321/246/194
f 323/277/196 324/278/196 325/279/196
f 324/278/196 323/277/196 326/280/196
f 327/281/196 323/277/196 325/279/196
f 328/282/197 323/277/196 327/281/196
f 329/283/198 330/244/199 331/284/199
f 330/244/199 329/283/198 332/245/199
f 333/285/200 334/286/201 335/287/200
f 334/286/201 333/285/200 336/288/200
f 337/289/202 338/290/202 339/291/202
f 337/289/202 339/291/202 340/292/203
f 341/291/202 342/289/202 343/292/204
f 341/291/202 344/290/204 342/289/202
f 345/293/205 346/243/205 347/245/205
f 346/243/205 345/293/205 348/294/205
f 349/244/206 350/295/207 351/284/207
f 349/244/206 352/276/206 350/295/207
f 353/296/208 354/297/208 355/298/208
f 354/297/208 353/296/208 356/299/209
f 357/300/210 358/291/210 359/290/211
f 358/291/210 357/300/210 360/301/211
f 361/301/211 362/290/211 363/291/212
f 362/290/211 361/301/211 364/300/211
f 365/302/213 366/303/214 367/304/215
f 368/305/215 367/304/215 366/303/214
f 369/306/216 367/304/215 368/305/215
f 367/304/215 369/306/216 370/307/217
f 371/278/218 372/280/218 373/308/218
f 371/278/218 373/308/218 374/309/218
f 375/310/219 376/245/219 377/283/219
f 376/245/219 375/310/219 378/293/219
f 379/311/220 380/301/221 381/300/222
f 380/301/221 379/311/220 382/312/220
f 383/301/222 384/311/221 385/300/221
f 384/311/221 383/301/222 386/312/222
f 387/313/223 388/314/224 389/281/224
f 388/314/224 390/282/225 389/281/224
f 391/284/226 392/315/215 393/283/215
f 392/315/215 391/284/226 394/316/227
f 395/295/228 396/316/229 397/284/228
f 396/316/229 395/295/228 398/317/228
f 399/318/215 400/319/215 401/320/226
f 400/319/215 399/318/215 402/321/227
f 403/322/215 401/320/226 400/319/215
f 401/320/226 404/323/215 399/318/215
f 403/322/215 405/324/215 401/320/226
f 404/323/215 401/320/226 406/325/226
f 405/324/215 406/325/226 401/320/226
f 406/325/226 407/326/215 404/323/215
f 405/324/215 408/327/215 406/325/226
f 407/326/215 406/325/226 409/328/215
f 408/327/215 409/328/215 406/325/226
f 409/328/215 408/327/215 410/329/190
f 411/330/230 412/331/231 413/332/231
f 412/331/231 411/330/230 414/333/230
f 415/334/232 414/333/230 411/330/230
f 414/333/230 415/334/232 416/335/233
f 417/336/234 416/335/233 415/334/232
f 416/335/233 417/336/234 418/337/235
f 419/338/236 418/337/235 417/336/234
f 418/337/235 419/338/236 420/339/237
f 421/340/238 420/339/237 419/338/236
f 420/339/237 421/340/238 422/341/238
f 423/342/239 422/341/238 421/340/238
f 422/341/238 423/342/239 424/343/240
f 425/283/241 426/315/241 427/310/241
f 428/344/241 427/310/241 426/315/241
f 429/345/173 430/346/215 431/347/173
f 430/346/215 429/345/173 432/348/227
f 433/349/242 434/350/243 435/351/242
f 434/350/243 433/349/242 436/352/243
f 437/353/244 438/354/245 439/355/244
f 438/354/245 440/356/246 439/355/244
f 441/357/247 442/295/247 443/358/248
f 442/295/247 441/357/247 444/317/247
f 445/358/249 446/276/249 447/275/249
f 448/359/250 449/360/251 450/361/252
f 450/361/252 451/201/253 448/359/250
f 452/203/254 448/359/250 451/201/253
f 449/360/251 448/359/250 453/362/251
f 453/362/251 454/363/255 449/360/251
f 454/363/255 453/362/251 455/364/255
f 456/365/256 454/363/255 455/364/255
f 457/366/256 454/363/255 456/365/256
f 456/365/256 458/367/257 457/366/256
f 459/368/258 457/366/256 458/367/257
f 458/367/257 460/369/259 459/368/258
f 460/369/259 458/367/257 461/370/259
f 462/358/260 463/295/260 464/276/260
f 465/351/261 466/352/261 467/349/262
f 466/352/261 465/351/261 468/350/263
f 469/371/264 470/372/265 471/373/265
f 472/374/266 471/373/265 470/372/265
f 470/372/265 469/371/264 473/375/265
f 474/376/267 472/374/266 470/372/265
f 473/375/265 469/371/264 475/377/268
f 472/374/266 474/376/267 476/378/269
f 474/376/267 477/379/270 476/378/269
f 477/379/270 474/376/267 478/380/271
f 479/381/272 475/377/268 469/371/264
f 475/377/268 479/381/272 480/382/272
f 479/381/272 481/383/272 480/382/272
f 482/384/273 481/383/272 479/381/272
f 482/384/273 479/381/272 483/385/272
f 482/384/273 483/385/272 484/386/272
f 483/385/272 485/373/274 484/386/272
f 484/386/272 485/373/274 486/374/273
f 484/386/272 487/387/272 482/384/273
f 487/387/272 484/386/272 488/388/272
f 489/389/272 487/387/272 488/388/272
f 489/389/272 488/388/272 490/390/272
f 488/388/272 491/378/272 490/390/272
f 490/390/272 491/378/272 492/379/272
f 489/389/272 490/390/272 493/391/272
f 493/391/272 490/390/272 494/392/272
f 495/344/275 496/393/275 497/310/275
f 496/393/275 495/344/275 498/394/276
f 499/294/277 500/293/277 501/393/277
f 502/395/278 503/396/279 504/397/279
f 503/396/279 502/395/278 505/398/278
f 506/359/280 507/201/281 508/361/282
f 509/360/283 506/359/280 508/361/282
f 507/201/281 506/359/280 510/203/284
f 507/201/281 510/203/284 511/202/285
f 507/201/281 511/202/285 512/204/286
f 506/359/280 509/360/283 513/362/287
f 514/363/288 513/362/287 509/360/283
f 513/362/287 514/363/288 515/364/288
f 514/363/288 516/365/289 515/364/288
f 516/365/289 514/363/288 517/366/289
f 517/366/289 518/367/290 516/365/289
f 518/367/290 517/366/289 519/368/290
f 519/368/290 520/369/291 518/367/290
f 521/370/291 518/367/290 520/369/291
f 522/352/215 523/350/226 524/399/215
f 522/352/215 524/399/215 525/400/226
f 526/400/215 527/350/227 528/352/227
f 527/350/227 526/400/215 529/399/215
f 530/349/272 531/398/272 532/395/272
f 531/398/272 530/349/272 533/351/272
f 534/401/292 535/402/293 536/403/292
f 535/402/293 534/401/292 537/404/294
f 538/405/295 539/406/296 540/407/297
f 539/406/296 538/405/295 541/408/298
f 538/405/295 542/409/299 541/408/298
f 540/407/297 543/410/300 538/405/295
f 543/410/300 540/407/297 544/411/301
f 542/409/299 538/405/295 545/412/302
f 545/412/302 538/405/295 543/410/300
f 544/411/301 546/413/303 543/410/300
f 547/414/304 542/409/299 545/412/302
f 542/409/299 547/414/304 548/415/305
f 548/415/305 547/414/304 549/416/306
f 547/414/304 550/417/307 549/416/306
f 543/410/300 546/413/303 551/418/308
f 552/419/309 545/412/302 543/410/300
f 547/414/304 545/412/302 552/419/309
f 543/410/300 551/418/308 552/419/309
f 546/413/303 553/420/310 551/418/308
f 554/421/311 550/417/307 547/414/304
f 555/422/312 550/417/307 554/421/311
f 547/414/304 552/419/309 556/423/313
f 552/419/309 551/418/308 556/423/313
f 547/414/304 557/424/314 554/421/311
f 547/414/304 556/423/313 557/424/314
f 554/421/311 557/424/314 558/425/315
f 551/418/308 559/426/316 556/423/313
f 556/423/313 559/426/316 557/424/314
f 559/426/316 558/425/315 557/424/314
f 551/418/308 553/420/310 559/426/316
f 558/425/315 559/426/316 560/427/317
f 553/420/310 560/427/317 559/426/316
f 560/427/317 553/420/310 561/428/318
f 562/393/319 563/293/319 564/310/319
f 565/372/320 566/375/320 567/371/321
f 566/375/320 568/377/322 567/371/321
f 565/372/320 567/371/321 569/373/320
f 570/374/323 565/372/320 569/373/320
f 570/374/323 571/376/324 565/372/320
f 571/376/324 570/374/323 572/378/324
f 573/379/325 571/376/324 572/378/324
f 571/376/324 573/379/325 574/380/325
f 568/377/322 575/381/326 567/371/321
f 575/381/326 568/377/322 576/382/326
f 575/381/326 576/382/326 577/383/327
f 577/383/327 578/384/326 575/381/326
f 579/385/326 575/381/326 578/384/326
f 578/384/326 580/386/326 579/385/326
f 581/373/328 579/385/326 580/386/326
f 580/386/326 582/374/328 581/373/328
f 583/387/326 580/386/326 578/384/326
f 580/386/326 583/387/326 584/388/326
f 585/389/326 584/388/326 583/387/326
f 586/390/326 584/388/326 585/389/326
f 586/390/326 587/378/327 584/388/326
f 587/378/327 586/390/326 588/379/326
f 586/390/326 585/389/326 589/391/326
f 589/391/326 590/392/326 586/390/326
f 591/429/329 592/430/330 593/431/329
f 592/430/330 591/429/329 594/432/330
f 595/430/329 596/429/329 597/431/331
f 596/429/329 595/430/329 598/432/332
f 599/353/333 600/433/333 601/434/333
f 600/433/333 599/353/333 602/355/333
f 603/435/333 601/434/333 600/433/333
f 601/434/333 603/435/333 604/436/333
f 605/398/334 606/397/334 607/396/334
f 606/397/334 605/398/334 608/395/334
f 609/437/335 610/438/335 611/439/335
f 609/437/335 611/439/335 612/440/335
f 613/441/336 614/442/337 615/443/336
f 614/442/337 613/441/336 616/444/337
f 617/349/326 618/398/326 619/351/326
f 618/398/326 617/349/326 620/395/326
f 621/445/338 622/446/339 623/447/340
f 622/446/339 621/445/338 624/448/339
f 625/449/341 626/450/342 627/451/343
f 627/451/343 628/452/344 625/449/341
f 627/451/343 629/453/345 628/452/344
f 630/454/346 626/450/342 631/455/347
f 627/451/343 626/450/342 630/454/346
f 632/456/348 627/451/343 630/454/346
f 632/456/348 630/454/346 633/457/349
f 629/453/345 627/451/343 634/458/350
f 634/458/350 635/459/351 629/453/345
f 636/460/352 627/451/343 632/456/348
f 633/457/349 637/461/353 632/456/348
f 632/456/348 637/461/353 636/460/352
f 637/461/353 633/457/349 638/462/354
f 638/462/354 639/463/355 637/461/353
f 639/463/355 638/462/354 640/464/356
f 639/463/355 641/465/357 637/461/353
f 637/461/353 641/465/357 636/460/352
f 641/465/357 639/463/355 642/466/358
f 643/467/359 627/451/343 636/460/352
f 636/460/352 641/465/357 643/467/359
f 634/458/350 627/451/343 643/467/359
f 642/466/358 644/468/360 641/465/357
f 641/465/357 644/468/360 643/467/359
f 644/468/360 634/458/350 643/467/359
f 644/468/360 642/466/358 645/469/361
f 646/470/362 644/468/360 645/469/361
f 647/471/363 634/458/350 644/468/360
f 644/468/360 646/470/362 647/471/363
f 635/459/351 634/458/350 647/471/363
f 646/470/362 648/472/364 647/471/363
f 635/459/351 647/471/363 648/472/364
f 649/439/365 650/437/366 651/440/367
f 652/438/368 650/437/366 649/439/365
f 653/442/367 654/441/366 655/443/367
f 654/441/366 653/442/367 656/444/368
f 657/473/326 658/474/326 659/475/369
f 658/474/326 660/476/370 659/475/369
f 661/477/326 657/473/326 659/475/369
f 660/476/370 662/478/370 659/475/369
f 663/479/326 661/477/326 659/475/369
f 662/478/370 664/480/326 659/475/369
f 665/481/326 663/479/326 659/475/369
f 664/480/326 665/481/326 659/475/369
f 666/482/371 667/483/372 668/416/373
f 666/482/371 668/416/373 669/417/374
f 666/482/371 669/417/374 670/422/375
f 671/484/376 672/485/212 673/486/377
f 672/485/212 671/484/376 674/487/376
f 673/486/377 672/485/212 675/488/378
f 675/488/378 672/485/212 676/489/378
f 675/488/378 676/489/378 677/490/215
f 677/490/215 676/489/378 678/491/190
f 679/492/379 677/490/215 678/491/190
f 677/490/215 679/492/379 680/493/380
f 680/493/380 679/492/379 681/494/2
f 681/494/2 679/492/379 682/495/4
f 683/496/381 681/494/2 682/495/4
f 681/494/2 683/496/381 684/497/381
f 685/498/382 684/497/381 683/496/381
f 684/497/381 685/498/382 686/499/382
f 686/499/382 685/498/382 687/500/383
f 687/500/383 685/498/382 688/501/376
f 689/502/384 690/503/385 691/504/386
f 690/503/385 689/502/384 692/505/387
f 693/506/388 690/503/385 692/505/387
f 690/503/385 693/506/388 694/507/388
f 695/508/389 694/507/388 693/506/388
f 694/507/388 695/508/389 696/509/390
f 697/510/391 696/509/390 695/508/389
f 696/509/390 697/510/391 698/511/391
f 697/510/391 699/512/392 698/511/391
f 699/512/392 697/510/391 700/513/393
f 699/512/392 700/513/393 701/514/394
f 701/514/394 700/513/393 702/515/395
f 703/516/396 701/514/394 702/515/395
f 701/514/394 703/516/396 704/517/397
f 705/518/398 704/517/397 703/516/396
f 704/517/397 705/518/398 706/519/399
f 707/449/400 708/520/401 709/450/402
f 710/455/403 709/450/402 708/520/401
f 708/520/401 707/449/400 711/521/404
f 712/522/273 713/523/272 714/524/273
f 713/523/272 712/522/273 715/525/273
f 716/526/272 717/527/272 718/528/273
f 717/527/272 716/526/272 719/529/273
f 720/430/1 721/530/1 722/431/1
f 721/530/1 720/430/1 723/531/1
f 724/531/25 725/431/1 726/530/1
f 725/431/1 724/531/25 727/430/1
f 728/473/327 729/474/326 730/475/369
f 729/474/326 731/476/370 730/475/369
f 732/477/326 728/473/327 730/475/369
f 731/476/370 733/478/370 730/475/369
f 734/479/326 732/477/326 730/475/369
f 733/478/370 735/480/326 730/475/369
f 736/481/326 734/479/326 730/475/369
f 735/480/326 736/481/326 730/475/369
f 737/532/405 738/530/405 739/531/406
f 737/532/405 739/531/406 740/533/405
f 741/531/406 742/532/405 743/533/407
f 742/532/405 741/531/406 744/530/407
f 745/534/408 746/535/409 747/536/410
f 746/535/409 745/534/408 748/537/411
f 749/383/412 747/536/410 746/535/409
f 747/536/410 750/538/413 745/534/408
f 747/536/410 749/383/412 751/384/414
f 750/538/413 747/536/410 752/539/415
f 751/384/414 752/539/415 747/536/410
f 752/539/415 751/384/414 753/387/416
f 752/539/415 754/540/417 750/538/413
f 755/389/418 752/539/415 753/387/416
f 754/540/417 752/539/415 756/541/419
f 752/539/415 755/389/418 756/541/419
f 756/541/419 757/542/420 754/540/417
f 758/391/421 756/541/419 755/389/418
f 757/542/420 756/541/419 759/543/422
f 756/541/419 758/391/421 759/543/422
f 759/543/422 760/544/423 757/542/420
f 761/392/424 759/543/422 758/391/421
f 760/544/423 759/543/422 762/545/425
f 759/543/422 761/392/424 762/545/425
f 763/546/326 764/547/326 765/548/369
f 764/547/326 766/549/326 765/548/369
f 767/550/326 763/546/326 765/548/369
f 766/549/326 768/551/326 765/548/369
f 769/552/326 767/550/326 765/548/369
f 768/551/326 770/553/326 765/548/369
f 771/554/326 769/552/326 765/548/369
f 770/553/326 771/554/326 765/548/369
f 772/546/326 773/547/326 774/548/327
f 773/547/326 775/555/326 774/548/327
f 776/550/326 772/546/326 774/548/327
f 775/555/326 777/551/326 774/548/327
f 778/552/326 776/550/326 774/548/327
f 777/551/326 779/553/326 774/548/327
f 780/554/326 778/552/326 774/548/327
f 779/553/326 780/554/326 774/548/327
f 781/480/326 782/481/327 783/475/369
f 782/481/327 784/479/326 783/475/369
f 785/478/326 781/480/326 783/475/369
f 784/479/326 786/556/327 783/475/369
f 787/476/326 785/478/326 783/475/369
f 786/556/327 788/473/326 783/475/369
f 789/474/326 787/476/326 783/475/369
f 788/473/326 789/474/326 783/475/369
f 790/557/426 791/558/427 792/559/427
f 791/558/427 790/557/426 793/560/426
f 794/561/428 792/559/427 791/558/427
f 794/561/428 791/558/427 795/562/428
f 796/563/429 797/564/430 798/565/431
f 799/566/272 798/565/431 797/564/430
f 797/564/430 796/563/429 800/567/115
f 801/568/272 799/566/272 797/564/430
f 799/566/272 801/568/272 802/569/272
f 800/567/115 803/570/432 797/564/430
f 797/564/430 803/570/432 801/568/272
f 803/570/432 800/567/115 804/571/113
f 802/569/272 801/568/272 805/572/273
f 803/570/432 805/572/273 801/568/272
f 804/571/113 806/573/433 803/570/432
f 803/570/432 806/573/433 805/572/273
f 806/573/433 804/571/113 807/574/434
f 807/574/434 808/575/435 806/573/433
f 806/573/433 808/575/435 805/572/273
f 808/575/435 807/574/434 809/576/120
f 802/569/272 805/572/273 810/577/272
f 808/575/435 810/577/272 805/572/273
f 810/577/272 811/578/272 802/569/272
f 809/576/120 812/579/436 808/575/435
f 812/579/436 810/577/272 808/575/435
f 812/579/436 809/576/120 813/580/122
f 814/581/437 811/578/272 810/577/272
f 812/579/436 814/581/437 810/577/272
f 813/580/122 814/581/437 812/579/436
f 811/578/272 814/581/437 815/582/438
f 814/581/437 813/580/122 816/583/124
f 816/583/124 815/582/438 814/581/437
f 815/582/438 816/583/124 817/584/126
f 818/585/439 819/586/439 820/587/440
f 819/586/439 818/585/439 821/588/441
f 822/546/326 823/547/370 824/548/369
f 823/547/370 825/555/327 824/548/369
f 826/550/326 822/546/326 824/548/369
f 825/555/327 827/551/326 824/548/369
f 828/552/326 826/550/326 824/548/369
f 827/551/326 829/553/326 824/548/369
f 830/554/326 828/552/326 824/548/369
f 829/553/326 830/554/326 824/548/369
f 831/535/442 832/534/443 833/536/444
f 832/534/443 831/535/442 834/537/442
f 833/536/444 835/383/445 831/535/442
f 835/383/445 833/536/444 836/384/446
f 837/538/447 833/536/444 832/534/443
f 833/536/444 838/387/448 836/384/446
f 833/536/444 837/538/447 839/539/449
f 838/387/448 833/536/444 839/539/449
f 840/540/450 839/539/449 837/538/447
f 839/539/449 841/389/451 838/387/448
f 839/539/449 840/540/450 842/541/452
f 841/389/451 839/539/449 842/541/452
f 843/542/453 842/541/452 840/540/450
f 842/541/452 844/391/454 841/389/451
f 842/541/452 843/542/453 845/543/455
f 844/391/454 842/541/452 845/543/455
f 846/544/456 845/543/455 843/542/453
f 845/543/455 847/392/457 844/391/454
f 845/543/455 846/544/456 848/545/458
f 847/392/457 845/543/455 848/545/458
f 849/473/327 850/474/326 851/475/369
f 850/474/326 852/476/370 851/475/369
f 853/477/326 849/473/327 851/475/369
f 852/476/370 854/478/370 851/475/369
f 855/479/326 853/477/326 851/475/369
f 854/478/370 856/480/326 851/475/369
f 857/481/326 855/479/326 851/475/369
f 856/480/326 857/481/326 851/475/369
f 858/522/326 859/523/326 860/525/327
f 859/523/326 858/522/326 861/524/327
f 862/529/326 863/528/326 864/527/327
f 863/528/326 862/529/326 865/526/327
f 866/589/459 867/590/459 868/591/459
f 867/590/459 866/589/459 869/592/460
f 870/593/333 871/594/333 872/595/333
f 871/594/333 870/593/333 873/596/333
f 874/597/333 871/594/333 873/596/333
f 875/598/461 870/593/333 872/595/333
f 872/595/333 876/599/461 875/598/461
f 877/600/333 875/598/461 876/599/461
f 875/598/461 877/600/333 878/601/333
f 877/600/333 879/602/333 878/601/333
f 880/603/333 881/604/333 882/605/462
f 881/604/333 880/603/333 883/606/333
f 882/605/462 884/607/461 880/603/333
f 885/608/463 882/605/462 881/604/333
f 884/607/461 882/605/462 886/609/333
f 882/605/462 885/608/463 887/610/464
f 887/610/464 886/609/333 882/605/462
f 887/610/464 885/608/463 888/611/465
f 886/609/333 887/610/464 889/612/464
f 888/611/465 890/613/465 887/610/464
f 890/613/465 889/612/464 887/610/464
f 890/613/465 888/611/465 891/614/466
f 889/612/464 890/613/465 892/615/467
f 893/616/466 890/613/465 891/614/466
f 892/615/467 890/613/465 893/616/466
f 893/616/466 891/614/466 894/617/468
f 895/618/466 892/615/467 893/616/466
f 894/617/468 896/619/468 893/616/466
f 895/618/466 893/616/466 896/619/468
f 896/619/468 897/620/468 895/618/466
f 898/621/376 899/622/210 900/623/469
f 899/622/210 898/621/376 901/624/470
f 900/623/469 899/622/210 902/625/378
f 902/625/378 899/622/210 903/626/378
f 902/625/378 903/626/378 904/627/190
f 904/627/190 903/626/378 905/628/215
f 906/629/380 904/627/190 905/628/215
f 904/627/190 906/629/380 907/630/471
f 907/630/471 906/629/380 908/631/4
f 908/631/4 906/629/380 909/632/51
f 910/633/472 908/631/4 909/632/51
f 908/631/4 910/633/472 911/634/381
f 912/635/462 911/634/381 910/633/472
f 911/634/381 912/635/462 913/636/462
f 913/636/462 912/635/462 914/637/383
f 914/637/383 912/635/462 915/638/376
f 916/397/333 917/639/333 918/396/333
f 917/639/333 916/397/333 919/640/333
f 920/641/473 921/642/474 922/643/474
f 920/641/473 922/643/474 923/644/475
f 924/645/476 920/641/473 923/644/475
f 924/645/476 923/644/475 925/646/476
f 926/640/333 927/396/333 928/639/333
f 927/396/333 926/640/333 929/397/333
f 930/480/326 931/481/326 932/475/369
f 931/481/326 933/479/370 932/475/369
f 934/478/326 930/480/326 932/475/369
f 933/479/370 935/556/370 932/475/369
f 936/476/326 934/478/326 932/475/369
f 935/556/370 937/473/326 932/475/369
f 938/474/326 936/476/326 932/475/369
f 937/473/326 938/474/326 932/475/369
f 939/564/477 940/570/478 941/567/114
f 942/563/479 939/564/477 941/567/114
f 939/564/477 942/563/479 943/565/480
f 944/571/112 941/567/114 940/570/478
f 943/565/480 945/566/326 939/564/477
f 939/564/477 945/566/326 946/568/326
f 940/570/478 939/564/477 946/568/326
f 946/568/326 945/566/326 947/569/326
f 944/571/112 940/570/478 948/573/481
f 949/574/482 944/571/112 948/573/481
f 950/572/326 940/570/478 946/568/326
f 947/569/326 950/572/326 946/568/326
f 940/570/478 950/572/326 948/573/481
f 951/575/483 949/574/482 948/573/481
f 951/575/483 948/573/481 950/572/326
f 952/576/121 949/574/482 951/575/483
f 947/569/326 953/577/327 950/572/326
f 953/577/327 951/575/483 950/572/326
f 947/569/326 954/578/326 953/577/327
f 955/579/484 952/576/121 951/575/483
f 951/575/483 953/577/327 955/579/484
f 952/576/121 955/579/484 956/580/123
f 954/578/326 957/581/485 953/577/327
f 957/581/485 955/579/484 953/577/327
f 957/581/485 956/580/123 955/579/484
f 957/581/485 954/578/326 958/582/486
f 956/580/123 957/581/485 959/583/487
f 958/582/486 959/583/487 957/581/485
f 959/583/487 958/582/486 960/584/488
f 961/473/326 962/474/326 963/475/327
f 962/474/326 964/476/326 963/475/327
f 965/477/326 961/473/326 963/475/327
f 964/476/326 966/478/326 963/475/327
f 967/479/326 965/477/326 963/475/327
f 966/478/326 968/480/326 963/475/327
f 969/481/326 967/479/326 963/475/327
f 968/480/326 969/481/326 963/475/327
f 970/647/489 971/648/490 972/649/491
f 971/648/490 970/647/489 973/650/492
f 973/650/492 970/647/489 974/651/493
f 972/649/491 975/652/494 970/647/489
f 975/652/494 972/649/491 976/653/495
f 975/652/494 976/653/495 977/654/496
f 975/652/494 977/654/496 978/655/497
f 979/656/498 978/655/497 977/654/496
f 978/655/497 979/656/498 980/657/499
f 980/657/499 979/656/498 981/658/500
f 981/658/500 979/656/498 982/659/501
f 979/656/498 983/660/502 982/659/501
f 982/659/501 983/660/502 984/661/503
f 983/660/502 985/662/504 984/661/503
f 985/662/504 983/660/502 986/663/504
f 987/588/505 988/585/506 989/586/505
f 989/586/505 988/585/506 990/587/507
f 991/664/272 992/665/273 993/666/193
f 992/665/273 994/667/193 993/666/193
f 995/668/508 992/665/273 991/664/272
f 992/665/273 995/668/508 996/669/509
f 997/361/510 998/670/511 999/671/512
f 1000/360/513 998/670/511 997/361/510
f 997/361/510 999/671/512 1001/201/514
f 998/670/511 1000/360/513 1002/672/515
f 1003/673/516 1001/201/514 999/671/512
f 1004/363/517 1002/672/515 1000/360/513
f 1001/201/514 1003/673/516 1005/204/518
f 1006/674/519 1005/204/518 1003/673/516
f 1006/674/519 1007/202/520 1005/204/518
f 1002/672/515 1004/363/517 1008/675/521
f 1009/366/522 1008/675/521 1004/363/517
f 1008/675/521 1009/366/522 1010/585/523
f 1009/366/522 1011/368/524 1010/585/523
f 1011/368/524 1012/588/525 1010/585/523
f 1012/588/525 1011/368/524 1013/369/526
f 1014/676/527 1015/677/528 1016/678/216
f 1016/678/216 1015/677/528 1017/679/528
f 1018/677/529 1019/680/214 1020/679/530
f 1019/680/214 1018/677/529 1021/681/213
f 1022/682/272 1023/683/272 1024/684/273
f 1023/683/272 1022/682/272 1025/685/272
f 1024/684/273 1026/686/273 1022/682/272
f 1026/686/273 1024/684/273 1027/687/272
f 1028/688/273 1026/686/273 1027/687/272
f 1029/689/272 1026/686/273 1028/688/273
f 1030/690/272 1029/689/272 1028/688/273
f 1031/691/272 1029/689/272 1030/690/272
f 1032/484/470 1033/485/211 1034/486/211
f 1033/485/211 1032/484/470 1035/487/383
f 1034/486/211 1033/485/211 1036/488/531
f 1036/488/531 1033/485/211 1037/489/532
f 1036/488/531 1037/489/532 1038/490/227
f 1038/490/227 1037/489/532 1039/491/215
f 1040/492/380 1038/490/227 1039/491/215
f 1038/490/227 1040/492/380 1041/493/380
f 1041/493/380 1040/492/380 1042/494/2
f 1042/494/2 1040/492/380 1043/495/3
f 1044/496/533 1042/494/2 1043/495/3
f 1042/494/2 1044/496/533 1045/497/533
f 1046/498/462 1045/497/533 1044/496/533
f 1045/497/533 1046/498/462 1047/499/333
f 1047/499/333 1046/498/462 1048/500/383
f 1048/500/383 1046/498/462 1049/501/534
f 1050/692/273 1051/693/272 1052/694/273
f 1050/692/273 1053/695/272 1051/693/272
f 1054/696/272 1053/695/272 1050/692/273
f 1055/697/272 1053/695/272 1054/696/272
f 1056/647/535 1057/650/536 1058/651/537
f 1056/647/535 1059/648/538 1057/650/536
f 1059/648/538 1056/647/535 1060/649/539
f 1061/652/540 1060/649/539 1056/647/535
f 1061/652/540 1062/653/541 1060/649/539
f 1063/654/542 1062/653/541 1061/652/540
f 1064/655/543 1063/654/542 1061/652/540
f 1065/656/544 1063/654/542 1064/655/543
f 1064/655/543 1066/657/545 1065/656/544
f 1065/656/544 1066/657/545 1067/658/546
f 1067/658/546 1068/659/547 1065/656/544
f 1068/659/547 1069/660/548 1065/656/544
f 1069/660/548 1068/659/547 1070/661/549
f 1071/662/550 1069/660/548 1070/661/549
f 1069/660/548 1071/662/550 1072/663/550
f 1073/473/326 1074/474/326 1075/475/327
f 1074/474/326 1076/476/370 1075/475/327
f 1077/477/326 1073/473/326 1075/475/327
f 1076/476/370 1078/478/370 1075/475/327
f 1079/479/326 1077/477/326 1075/475/327
f 1078/478/370 1080/480/326 1075/475/327
f 1081/481/326 1079/479/326 1075/475/327
f 1080/480/326 1081/481/326 1075/475/327
f 1082/698/272 1083/699/272 1084/700/272
f 1083/699/272 1082/698/272 1085/701/272
f 1086/702/273 1084/700/272 1083/699/272
f 1083/699/272 1087/703/273 1086/702/273
f 1088/704/551 1089/705/551 1090/706/326
f 1089/705/551 1091/707/326 1090/706/326
f 1092/708/552 1090/706/326 1091/707/326
f 1090/706/326 1092/708/552 1093/709/553
f 1094/361/554 1095/671/555 1096/670/556
f 1094/361/554 1097/201/557 1095/671/555
f 1096/670/556 1098/360/558 1094/361/554
f 1097/201/557 1099/673/559 1095/671/555
f 1098/360/558 1096/670/556 1100/672/560
f 1099/673/559 1097/201/557 1101/204/561
f 1101/204/561 1102/674/562 1099/673/559
f 1103/202/562 1102/674/562 1101/204/561
f 1100/672/560 1104/363/563 1098/360/558
f 1104/363/563 1100/672/560 1105/675/564
f 1105/675/564 1106/366/565 1104/363/563
f 1106/366/565 1105/675/564 1107/585/566
f 1106/366/565 1107/585/566 1108/368/567
f 1109/588/567 1108/368/567 1107/585/566
f 1108/368/567 1109/588/567 1110/369/568
f 1111/621/376 1112/622/210 1113/623/210
f 1112/622/210 1111/621/376 1114/624/383
f 1113/623/210 1112/622/210 1115/625/569
f 1115/625/569 1112/622/210 1116/626/569
f 1115/625/569 1116/626/569 1117/627/227
f 1117/627/227 1116/626/569 1118/628/227
f 1119/629/379 1117/627/227 1118/628/227
f 1117/627/227 1119/629/379 1120/630/379
f 1120/630/379 1119/629/379 1121/631/26
f 1121/631/26 1119/629/379 1122/632/26
f 1123/633/570 1121/631/26 1122/632/26
f 1121/631/26 1123/633/570 1124/634/571
f 1125/635/333 1124/634/571 1123/633/570
f 1124/634/571 1125/635/333 1126/636/462
f 1126/636/462 1125/635/333 1127/637/534
f 1127/637/534 1125/635/333 1128/638/376
f 1129/621/376 1130/622/211 1131/623/469
f 1130/622/211 1129/621/376 1132/624/383
f 1131/623/469 1130/622/211 1133/625/531
f 1133/625/531 1130/622/211 1134/626/378
f 1133/625/531 1134/626/378 1135/627/215
f 1135/627/215 1134/626/378 1136/628/190
f 1137/629/572 1135/627/215 1136/628/190
f 1135/627/215 1137/629/572 1138/630/379
f 1138/630/379 1137/629/572 1139/631/25
f 1139/631/25 1137/629/572 1140/632/26
f 1141/633/573 1139/631/25 1140/632/26
f 1139/631/25 1141/633/573 1142/634/571
f 1143/635/333 1142/634/571 1141/633/573
f 1142/634/571 1143/635/333 1144/636/333
f 1144/636/333 1143/635/333 1145/637/376
f 1145/637/376 1143/635/333 1146/638/376
f 1147/710/574 1148/711/575 1149/712/574
f 1148/711/575 1147/710/574 1150/713/576
f 1149/712/574 1151/714/577 1147/710/574
f 1151/714/577 1149/712/574 1152/715/191
f 1153/716/326 1154/717/326 1155/718/326
f 1156/719/326 1155/718/326 1154/717/326
f 1155/718/326 1157/720/326 1153/716/326
f 1153/716/326 1157/720/326 1158/721/327
f 1157/720/326 1159/722/326 1158/721/327
f 1159/722/326 1157/720/326 1160/723/326
f 1160/723/326 1161/724/326 1159/722/326
f 1161/724/326 1160/723/326 1162/725/326
f 1163/692/326 1164/694/326 1165/693/369
f 1163/692/326 1165/693/369 1166/695/326
f 1167/696/326 1168/692/327 1169/695/326
f 1170/697/327 1167/696/326 1169/695/326
f 1171/726/272 1172/727/578 1173/728/578
f 1174/729/579 1173/728/578 1172/727/578
f 1173/728/578 1174/729/579 1175/730/580
f 1172/727/578 1171/726/272 1176/731/273
f 1171/726/272 1177/732/574 1176/731/273
f 1177/732/574 1171/726/272 1178/733/574
f 1178/733/574 1179/734/577 1177/732/574
f 1179/734/577 1178/733/574 1180/735/191
f 1181/699/326 1182/698/326 1183/700/326
f 1182/698/326 1181/699/326 1184/701/326
f 1181/699/326 1183/700/326 1185/702/327
f 1186/703/326 1181/699/326 1185/702/327
f 1187/736/581 1188/737/582 1189/738/581
f 1188/737/582 1187/736/581 1190/739/582
f 1191/740/583 1188/737/582 1190/739/582
f 1192/741/213 1191/740/583 1190/739/582
f 1193/484/376 1194/485/212 1195/486/211
f 1194/485/212 1193/484/376 1196/487/383
f 1195/486/211 1194/485/212 1197/488/531
f 1197/488/531 1194/485/212 1198/489/378
f 1197/488/531 1198/489/378 1199/490/215
f 1199/490/215 1198/489/378 1200/491/215
f 1201/492/572 1199/490/215 1200/491/215
f 1199/490/215 1201/492/572 1202/493/379
f 1202/493/379 1201/492/572 1203/494/26
f 1203/494/26 1201/492/572 1204/495/26
f 1205/496/573 1203/494/26 1204/495/26
f 1203/494/26 1205/496/573 1206/497/571
f 1207/498/333 1206/497/571 1205/496/573
f 1206/497/571 1207/498/333 1208/499/333
f 1208/499/333 1207/498/333 1209/500/383
f 1209/500/383 1207/498/333 1210/501/534
f 1211/742/584 1212/743/585 1213/744/585
f 1212/743/585 1211/742/584 1214/745/586
f 1215/746/326 1213/744/585 1212/743/585
f 1213/744/585 1215/746/326 1216/747/327
f 1215/746/326 1217/748/582 1216/747/327
f 1217/748/582 1215/746/326 1218/749/582
f 1217/748/582 1218/749/582 1219/750/214
f 1220/751/213 1219/750/214 1218/749/582
f 1221/638/376 1222/636/211 1223/635/587
f 1222/636/211 1221/638/376 1224/637/376
f 1223/635/587 1222/636/211 1225/633/569
f 1225/633/569 1222/636/211 1226/634/569
f 1225/633/569 1226/634/569 1227/632/227
f 1227/632/227 1226/634/569 1228/631/215
f 1229/630/588 1227/632/227 1228/631/215
f 1227/632/227 1229/630/588 1230/629/379
f 1230/629/379 1229/630/588 1231/628/1
f 1231/628/1 1229/630/588 1232/627/1
f 1233/625/533 1231/628/1 1232/627/1
f 1231/628/1 1233/625/533 1234/752/571
f 1235/623/333 1234/752/571 1233/625/533
f 1234/752/571 1235/623/333 1236/622/462
f 1236/622/462 1235/623/333 1237/624/383
f 1237/624/383 1235/623/333 1238/621/376
f 1239/638/376 1240/636/210 1241/635/211
f 1240/636/210 1239/638/376 1242/637/383
f 1241/635/211 1240/636/210 1243/633/531
f 1243/633/531 1240/636/210 1244/634/589
f 1243/633/531 1244/634/589 1245/632/215
f 1245/632/215 1244/634/589 1246/631/227
f 1247/630/379 1245/632/215 1246/631/227
f 1245/632/215 1247/630/379 1248/629/380
f 1248/629/380 1247/630/379 1249/628/1
f 1249/628/1 1247/630/379 1250/627/24
f 1251/625/573 1249/628/1 1250/627/24
f 1249/628/1 1251/625/573 1252/752/573
f 1253/623/382 1252/752/573 1251/625/573
f 1252/752/573 1253/623/382 1254/622/333
f 1254/622/333 1253/623/382 1255/624/376
f 1255/624/376 1253/623/382 1256/621/376
f 1257/753/590 1258/754/590 1259/755/591
f 1259/755/591 1258/754/590 1260/756/592
f 1261/589/593 1259/755/591 1260/756/592
f 1261/589/593 1260/756/592 1262/592/593
f 1263/757/594 1264/758/595 1265/759/596
f 1264/758/595 1263/757/594 1266/760/594
f 1267/761/594 1268/762/594 1269/763/595
f 1268/762/594 1267/761/594 1270/764/594
f 1271/670/597 1272/765/598 1273/766/599
f 1271/670/597 1273/766/599 1274/767/600
f 1272/765/598 1271/670/597 1275/672/601
f 1276/671/602 1271/670/597 1274/767/600
f 1272/765/598 1275/672/601 1277/675/603
f 1278/768/604 1276/671/602 1274/767/600
f 1279/769/605 1272/765/598 1277/675/603
f 1277/675/603 1280/587/606 1279/769/605
f 1280/587/606 1277/675/603 1281/585/607
f 1282/673/608 1276/671/602 1278/768/604
f 1278/768/604 1283/674/609 1282/673/608
f 1283/674/609 1278/768/604 1284/770/609
f 1285/711/610 1286/713/611 1287/771/578
f 1285/711/610 1287/771/578 1288/772/578
f 1288/772/578 1287/771/578 1289/773/612
f 1288/772/578 1289/773/612 1290/774/580
f 1291/775/613 1292/776/614 1293/777/615
f 1293/777/615 1292/776/614 1294/778/616
f 1294/778/616 1292/776/614 1295/779/616
f 1292/776/614 1291/775/613 1296/780/617
f 1291/775/613 1297/781/618 1296/780/617
f 1297/781/618 1291/775/613 1298/782/618
f 1298/782/618 1299/783/619 1297/781/618
f 1300/784/619 1299/783/619 1298/782/618
f 1300/784/619 1301/785/620 1299/783/619
f 1302/786/620 1301/785/620 1300/784/619
f 1303/787/621 1301/785/620 1302/786/620
f 1301/785/620 1303/787/621 1304/788/621
f 1303/787/621 1305/789/622 1304/788/621
f 1305/789/622 1303/787/621 1306/790/622
f 1305/789/622 1306/790/622 1307/791/623
f 1307/791/623 1306/790/622 1308/792/623
f 1307/791/623 1308/792/623 1309/793/624
f 1309/793/624 1310/794/625 1307/791/623
f 1311/758/626 1312/757/627 1313/759/626
f 1312/757/627 1311/758/626 1314/760/626
f 1315/761/628 1316/762/627 1317/764/627
f 1316/762/627 1315/761/628 1318/763/626
f 1319/765/629 1320/670/630 1321/766/631
f 1320/670/630 1322/767/632 1321/766/631
f 1320/670/630 1319/765/629 1323/672/633
f 1322/767/632 1320/670/630 1324/671/634
f 1319/765/629 1325/675/635 1323/672/633
f 1324/671/634 1326/768/636 1322/767/632
f 1325/675/635 1319/765/629 1327/769/637
f 1327/769/637 1328/587/638 1325/675/635
f 1329/585/638 1325/675/635 1328/587/638
f 1326/768/636 1324/671/634 1330/673/639
f 1331/674/640 1326/768/636 1330/673/639
f 1326/768/636 1331/674/640 1332/770/641
f 1333/795/585 1334/736/642 1335/738/643
f 1334/736/642 1333/795/585 1336/796/585
f 1337/797/584 1336/796/585 1333/795/585
f 1336/796/585 1337/797/584 1338/798/586
f 1339/799/644 1340/800/67 1341/801/645
f 1340/800/67 1339/799/644 1342/802/646
f 1343/803/647 1342/802/646 1339/799/644
f 1342/802/646 1343/803/647 1344/804/648
f 1345/805/579 1346/806/580 1347/807/649
f 1345/805/579 1347/807/649 1348/808/650
f 1349/808/651 1350/807/651 1351/809/652
f 1350/807/651 1352/810/653 1351/809/652
f 1353/621/376 1354/622/377 1355/623/211
f 1354/622/377 1353/621/376 1356/624/383
f 1355/623/211 1354/622/377 1357/625/531
f 1357/625/531 1354/622/377 1358/626/569
f 1357/625/531 1358/626/569 1359/627/227
f 1359/627/227 1358/626/569 1360/628/215
f 1361/629/379 1359/627/227 1360/628/215
f 1359/627/227 1361/629/379 1362/630/380
f 1362/630/380 1361/629/379 1363/631/1
f 1363/631/1 1361/629/379 1364/632/2
f 1365/633/381 1363/631/1 1364/632/2
f 1363/631/1 1365/633/381 1366/634/573
f 1367/635/462 1366/634/573 1365/633/381
f 1366/634/573 1367/635/462 1368/636/333
f 1368/636/333 1367/635/462 1369/637/654
f 1369/637/654 1367/635/462 1370/638/654
f 1371/811/333 1372/812/462 1373/813/333
f 1372/812/462 1374/814/333 1373/813/333
f 1375/815/462 1372/812/462 1371/811/333
f 1376/816/382 1375/815/462 1371/811/333
f 1377/139/655 1378/817/656 1379/141/657
f 1380/142/658 1379/141/657 1378/817/656
f 1378/817/656 1377/139/655 1381/818/659
f 1378/817/656 1382/819/660 1380/142/658
f 1383/135/661 1381/818/659 1377/139/655
f 1384/145/662 1380/142/658 1382/819/660
f 1381/818/659 1383/135/661 1385/820/663
f 1382/819/660 1386/821/664 1384/145/662
f 1387/822/665 1385/820/663 1383/135/661
f 1388/148/666 1384/145/662 1386/821/664
f 1383/135/661 1389/137/667 1387/822/665
f 1390/823/668 1387/822/665 1389/137/667
f 1389/137/667 1391/138/669 1390/823/668
f 1388/148/666 1386/821/664 1392/824/670
f 1393/825/671 1388/148/666 1392/824/670
f 1388/148/666 1393/825/671 1394/154/672
f 1395/826/673 1394/154/672 1393/825/671
f 1394/154/672 1395/826/673 1396/156/674
f 1397/827/155 1398/828/675 1399/829/153
f 1398/828/675 1397/827/155 1400/830/163
f 1401/801/676 1400/830/163 1397/827/155
f 1400/830/163 1401/801/676 1402/800/677
f 1403/831/509 1404/832/678 1405/833/679
f 1404/832/678 1403/831/509 1406/834/680
f 1405/833/679 1404/832/678 1407/835/293
f 1408/836/681 1407/835/293 1404/832/678
f 1405/833/679 1407/835/293 1409/837/682
f 1407/835/293 1408/836/681 1410/838/681
f 1411/839/683 1405/833/679 1409/837/682
f 1408/836/681 1412/840/684 1410/838/681
f 1409/837/682 1413/841/683 1411/839/683
f 1414/842/338 1411/839/683 1413/841/683
f 1412/840/684 1408/836/681 1415/843/685
f 1411/839/683 1414/842/338 1416/844/686
f 1412/840/684 1416/844/686 1414/842/338
f 1416/844/686 1412/840/684 1415/843/685
f 1417/845/552 1416/844/686 1415/843/685
f 1416/844/686 1417/845/552 1418/846/552
f 1419/847/687 1420/848/688 1421/849/689
f 1420/848/688 1419/847/687 1422/850/687
f 1423/851/24 1421/849/689 1420/848/688
f 1421/849/689 1423/851/24 1424/852/690
f 1423/851/24 1425/853/691 1424/852/690
f 1425/853/691 1423/851/24 1426/854/691
f 1426/854/691 1427/855/692 1425/853/691
f 1427/855/692 1426/854/691 1428/856/693
f 1429/857/579 1430/858/333 1431/859/333
f 1430/858/333 1429/857/579 1432/860/580
f 1430/858/333 1433/861/652 1431/859/333
f 1433/861/652 1430/858/333 1434/862/653
f 1435/863/210 1436/864/210 1437/865/211
f 1436/864/210 1438/866/210 1437/865/211
f 1438/866/210 1439/867/377 1437/865/211
f 1439/867/377 1440/868/211 1437/865/211
f 1440/868/211 1441/869/210 1437/865/211
f 1441/869/210 1442/870/211 1437/865/211
f 1437/865/211 1442/870/211 1443/871/211
f 1442/870/211 1444/872/211 1443/871/211
f 1443/871/211 1444/872/211 1445/873/210
f 1444/872/211 1446/874/210 1445/873/210
f 1446/874/210 1447/875/211 1445/873/210
f 1447/875/211 1448/876/211 1445/873/210
f 1449/877/694 1450/878/695 1451/879/696
f 1452/753/697 1451/879/696 1450/878/695
f 1452/753/697 1450/878/695 1453/754/698
f 1450/878/695 1449/877/694 1454/880/694
f 1455/881/699 1454/880/694 1449/877/694
f 1454/880/694 1455/881/699 1456/882/700
f 1457/883/701 1458/884/702 1459/885/703
f 1458/884/702 1460/886/704 1459/885/703
f 1461/887/705 1457/883/701 1459/885/703
f 1460/886/704 1462/888/706 1459/885/703
f 1463/889/707 1461/887/705 1459/885/703
f 1462/888/706 1464/890/708 1459/885/703
f 1465/891/709 1463/889/707 1459/885/703
f 1464/890/708 1466/892/710 1459/885/703
f 1467/893/711 1465/891/709 1459/885/703
f 1466/892/710 1467/893/711 1459/885/703
f 1468/803/674 1469/894/712 1470/804/669
f 1469/894/712 1468/803/674 1471/895/673
f 1472/621/376 1473/622/212 1474/623/469
f 1473/622/212 1472/621/376 1475/624/383
f 1474/623/469 1473/622/212 1476/625/378
f 1476/625/378 1473/622/212 1477/626/569
f 1476/625/378 1477/626/569 1478/627/215
f 1478/627/215 1477/626/569 1479/628/215
f 1480/629/379 1478/627/215 1479/628/215
f 1478/627/215 1480/629/379 1481/630/588
f 1481/630/588 1480/629/379 1482/631/27
f 1482/631/27 1480/629/379 1483/632/26
f 1484/633/573 1482/631/27 1483/632/26
f 1482/631/27 1484/633/573 1485/634/571
f 1486/635/462 1485/634/571 1484/633/573
f 1485/634/571 1486/635/462 1487/636/382
f 1487/636/382 1486/635/462 1488/637/376
f 1488/637/376 1486/635/462 1489/638/376
f 1490/896/713 1491/897/713 1492/898/714
f 1491/897/713 1490/896/713 1493/899/715
f 1494/829/102 1495/900/716 1496/901/103
f 1495/900/716 1494/829/102 1497/828/717
f 1498/902/718 1499/881/719 1500/903/718
f 1499/881/719 1498/902/718 1501/882/720
f 1502/904/721 1503/905/722 1504/906/723
f 1502/904/721 1504/906/723 1505/907/721
f 1506/906/724 1507/904/724 1508/907/724
f 1509/905/724 1507/904/724 1506/906/724
f 1510/908/211 1511/909/211 1512/910/211
f 1513/911/211 1512/910/211 1511/909/211
f 1511/909/211 1510/908/211 1514/912/469
f 1515/913/211 1513/911/211 1511/909/211
f 1516/914/210 1514/912/469 1510/908/211
f 1515/913/211 1517/915/210 1513/911/211
f 1514/912/469 1516/914/210 1518/916/212
f 1517/915/210 1515/913/211 1519/917/211
f 1520/918/210 1518/916/212 1516/914/210
f 1519/917/211 1521/919/210 1517/915/210
f 1518/916/212 1520/918/210 1522/920/211
f 1521/919/210 1519/917/211 1523/921/211
f 1524/922/211 1522/920/211 1520/918/210
f 1525/923/210 1521/919/210 1523/921/211
f 1522/920/211 1524/922/211 1526/924/211
f 1521/919/210 1525/923/210 1527/925/212
f 1524/922/211 1528/926/377 1526/924/211
f 1529/927/211 1527/925/212 1525/923/210
f 1530/928/377 1528/926/377 1524/922/211
f 1527/925/212 1529/927/211 1531/929/210
f 1530/928/377 1532/930/211 1528/926/377
f 1529/927/211 1533/931/377 1531/929/210
f 1532/930/211 1530/928/377 1533/931/377
f 1533/931/377 1529/927/211 1532/930/211
f 1534/932/211 1535/933/211 1536/934/211
f 1534/932/211 1536/934/211 1537/935/211
f 1538/936/210 1534/932/211 1537/935/211
f 1534/932/211 1538/936/210 1539/937/211
f 1540/938/725 1541/939/726 1542/522/726
f 1540/938/725 1542/522/726 1543/524/726
f 1544/522/727 1545/938/727 1546/524/727
f 1547/939/727 1545/938/727 1544/522/727
f 1548/940/377 1549/941/211 1550/942/210
f 1549/941/211 1548/940/377 1551/943/211
f 1548/940/377 1552/944/377 1551/943/211
f 1548/940/377 1550/942/210 1553/945/377
f 1552/944/377 1548/940/377 1554/946/211
f 1555/947/211 1548/940/377 1553/945/377
f 1555/947/211 1554/946/211 1548/940/377
f 1556/948/377 1555/947/211 1553/945/377
f 1554/946/211 1555/947/211 1557/949/210
f 1555/947/211 1556/948/377 1558/950/211
f 1555/947/211 1559/951/211 1557/949/210
f 1559/951/211 1555/947/211 1558/950/211
