# Blender 4.5.4 LTS
# www.blender.org
mtllib nerfpistol.mtl
o RenderMesh_6907190452
v -0.353951 -3.354694 9.280362
v 0.353953 -3.354694 9.280362
v -0.314626 -3.191086 9.330996
v 0.314628 -3.191086 9.330996
v 0.000001 -2.116433 9.035691
v 0.000001 -3.676068 7.442208
v 0.843779 -3.676062 7.442208
v 0.843779 -2.116426 9.035691
v -0.843777 -3.676068 7.442208
v -0.843777 -2.116433 9.035691
v -1.391787 -1.784379 8.175191
v -0.858439 -1.784379 8.175191
v -1.391787 -1.596642 8.255274
v -0.858439 -1.596642 8.255274
v -0.353951 -3.354694 9.280362
v -0.707910 -3.869177 8.335677
v 0.707912 -3.869171 8.335677
v 0.353953 -3.354694 9.280362
v 0.707912 -4.459747 7.232703
v -0.707910 -4.459747 7.232703
v -0.353078 -4.987233 6.247537
v 0.353086 -4.987233 6.247537
v 0.448546 5.461790 -16.042747
v 0.725217 5.814492 -15.875289
v 0.777383 5.787297 -15.944586
v 0.900434 6.232540 -15.810302
v 0.418706 5.508967 -15.970994
v 0.837413 6.231848 -15.744548
v -0.000001 5.341967 -16.078882
v 0.784971 6.681840 -15.674806
v -0.000001 5.397136 -16.005817
v 0.725217 6.649211 -15.614661
v -0.418708 5.508967 -15.970994
v 0.456555 7.016117 -15.573992
v -0.449710 5.459930 -16.043308
v 0.418706 6.954742 -15.519540
v -0.725225 5.814492 -15.875289
v -0.000001 7.140827 -15.536382
v -0.780808 5.785463 -15.945132
v -0.000001 7.066575 -15.484417
v -0.837415 6.231848 -15.744548
v -0.418708 6.954742 -15.519533
v -0.905160 6.232540 -15.810302
v -0.458033 7.018479 -15.573282
v -0.788912 6.683932 -15.674177
v -0.725225 6.649211 -15.614655
v 1.087129 4.469273 -16.342066
v 1.061322 7.327604 -15.480058
v 1.551732 7.328464 -15.485422
v 1.713368 4.469273 -16.342066
v 1.039266 7.845145 -15.326738
v 0.448546 5.461790 -16.042747
v 0.777383 5.787297 -15.944586
v 0.900434 6.232540 -15.810302
v -0.000001 5.341967 -16.078882
v -1.087130 4.469273 -16.342066
v 0.784971 6.681840 -15.674806
v 0.456555 7.016117 -15.573992
v -0.000001 7.140827 -15.536382
v -0.449710 5.459930 -16.043308
v -0.780808 5.785463 -15.945132
v -0.905160 6.232540 -15.810302
v -1.061331 7.327604 -15.480058
v -0.788912 6.683932 -15.674177
v -1.039275 7.845145 -15.326745
v -0.458033 7.018479 -15.573282
v -1.551734 7.328464 -15.485429
v -1.713369 4.469273 -16.342066
v -1.565756 7.674231 -14.966178
v -1.032415 7.674231 -14.966178
v -1.565756 7.486494 -15.046261
v -1.032415 7.486494 -15.046261
v 0.418706 5.497434 -14.874160
v -0.000001 6.222614 -14.866533
v 0.725224 5.803932 -14.870936
v 0.837414 6.222614 -14.866533
v -0.000001 5.385243 -14.875340
v 0.725224 6.641296 -14.862129
v -0.418708 5.497434 -14.874160
v 0.418706 6.947794 -14.858907
v -0.725219 5.803932 -14.870936
v -0.000001 7.059978 -14.857726
v -0.837415 6.222614 -14.866533
v -0.418708 6.947794 -14.858907
v -0.725219 6.641296 -14.862129
v -1.569908 3.815048 -15.084876
v -1.036567 3.815048 -15.084876
v -1.569908 3.625670 -15.008758
v -1.036567 3.625670 -15.008758
v -0.372385 7.835992 -14.456664
v 0.252918 8.597898 -13.919272
v 0.372383 7.835992 -14.456664
v -0.252920 8.597898 -13.919272
v -1.391787 -1.860498 7.985814
v -0.858439 -1.860498 7.985814
v -1.391787 -1.784379 8.175191
v -0.858439 -1.784379 8.175191
v -1.569908 4.002779 -15.004793
v -1.036567 3.815048 -15.084876
v -1.569908 3.815048 -15.084876
v -1.036567 4.002779 -15.004793
v 1.713368 4.469273 -16.342066
v 1.151997 3.088642 -15.328894
v 1.087129 4.469273 -16.342066
v -1.087130 4.469273 -16.342066
v -1.151998 3.088642 -15.328894
v -1.713369 4.469273 -16.342066
v 0.000000 3.833309 6.273639
v 1.030843 2.961438 6.264473
v 1.030850 3.833309 6.273639
v 0.000000 2.961432 6.264473
v -1.030843 2.961432 6.264473
v -1.030849 3.833309 6.273639
v -0.000001 6.722478 -14.618319
v 1.864406 6.065344 -14.425304
v -0.000001 6.065344 -14.425304
v 1.896871 6.722478 -14.618319
v -1.864408 6.065344 -14.425304
v 1.848236 7.207165 -14.760682
v -1.896867 6.722472 -14.618319
v -0.000001 7.207159 -14.760682
v -1.848238 7.207159 -14.760682
v 1.649876 5.311757 -13.747642
v 1.953158 6.617104 -13.052050
v 1.953158 5.342746 -13.568844
v 1.649876 6.656191 -13.202428
v -1.565756 7.486494 -15.046261
v -1.032415 7.297117 -14.970141
v -1.565756 7.297117 -14.970141
v -1.032415 7.486494 -15.046261
v -0.331620 7.587892 4.990932
v 0.331614 7.908286 5.064237
v -0.331620 7.908286 5.064237
v 0.331614 7.587892 4.990932
v -0.331620 8.181646 4.772827
v 0.331614 8.181646 4.772827
v -1.502708 0.217358 4.588432
v -0.969361 0.217358 4.588432
v -1.502708 0.405089 4.668515
v -0.969361 0.405095 4.668515
v -1.953160 6.617104 -13.052050
v -1.649878 5.311756 -13.747642
v -1.953159 5.342746 -13.568844
v -1.649878 6.656191 -13.202428
v 0.843779 -3.676062 7.442208
v 1.459364 -2.038329 7.781417
v 0.843779 -2.116426 9.035691
v 1.459364 -2.954557 7.171800
v 0.000001 -3.676068 7.442208
v 0.000001 -3.852856 5.348452
v 0.843779 -3.852856 5.348452
v 0.843779 -3.676062 7.442208
v -0.843777 -3.852856 5.348452
v -0.843777 -3.676068 7.442208
v -1.831131 3.259682 5.581087
v -1.297790 3.259682 5.581087
v -1.831131 3.447413 5.661170
v -1.297790 3.447413 5.661170
v -1.391787 -1.596642 8.255274
v -0.858439 -1.596642 8.255274
v -1.391787 -1.407271 8.179155
v -0.858439 -1.407271 8.179155
v -1.459362 -2.038329 7.781417
v -0.843777 -3.676068 7.442208
v -0.843777 -2.116433 9.035691
v -1.459362 -2.954557 7.171800
v 1.030843 2.961438 6.264473
v 1.848237 3.840415 5.598244
v 1.030850 3.833309 6.273639
v -1.831131 3.447413 5.661170
v -1.297790 3.447413 5.661170
v -1.831131 3.636796 5.585052
v -1.297790 3.636796 5.585052
v -1.030843 2.961432 6.264473
v -1.030849 3.833309 6.273639
v -1.848237 3.840408 5.598244
v 0.000001 -2.116433 9.035691
v 0.843778 3.375051 6.111940
v 0.000000 3.375051 6.111940
v 0.843779 -2.116426 9.035691
v -0.843778 3.375051 6.111940
v -0.843777 -2.116433 9.035691
v -0.314626 -3.191086 9.330996
v 0.314628 -0.636515 8.027652
v -0.314626 -0.636515 8.027646
v 0.314628 -3.191086 9.330996
v -1.658151 7.289566 -11.213310
v 1.031068 7.807880 -10.900820
v 1.658149 7.289572 -11.213310
v -1.031070 7.807880 -10.900820
v 1.658149 7.026740 -11.163714
v -1.658151 7.026740 -11.163714
v -1.662398 7.608207 -10.718622
v -1.129056 7.608207 -10.718622
v -1.662398 7.420470 -10.798706
v -1.129056 7.420470 -10.798706
v -1.745671 4.120666 -11.229977
v 1.041170 2.508934 -11.246932
v -1.041171 2.508928 -11.246932
v 1.745670 4.120673 -11.229977
v 0.000000 2.407562 5.583179
v 1.030843 2.961438 6.264473
v 0.000000 2.961432 6.264473
v 1.065526 2.407562 5.583179
v -1.030843 2.961432 6.264473
v -1.065526 2.407561 5.583179
v -0.000001 6.693424 -11.856222
v 1.848236 6.036290 -11.663208
v -0.000001 6.036290 -11.663208
v 1.848236 6.693424 -11.856222
v -1.848238 6.693424 -11.856222
v -1.848238 6.036290 -11.663208
v -1.565756 7.750350 -14.776801
v -1.032415 7.674231 -14.966178
v -1.565756 7.674231 -14.966178
v -1.032415 7.750350 -14.776801
v -1.612669 3.408842 -10.968991
v -1.079328 3.219471 -10.892866
v -1.612669 3.219471 -10.892866
v -1.079322 3.408842 -10.968991
v -1.502708 0.141239 4.399055
v -0.969361 0.141239 4.399055
v -1.502708 0.217358 4.588432
v -0.969361 0.217358 4.588432
v -0.706542 6.912797 3.704336
v 0.704751 7.132014 2.806062
v -0.706466 7.121473 2.806194
v 0.706542 6.912804 3.704336
v 0.706542 6.559329 4.426225
v -0.706542 6.559322 4.426225
v 0.706542 6.139943 5.009734
v -0.706542 6.139937 5.009734
v 0.706542 5.612268 5.457708
v -0.706542 5.612262 5.457708
v -0.706542 4.947307 5.775534
v 0.706542 4.947313 5.775534
v 0.706542 4.017014 5.945311
v -0.706541 4.017014 5.945311
v -0.000001 6.036290 -11.663208
v 1.848236 4.014250 -10.930288
v -0.000000 4.014250 -10.930288
v 1.848236 6.036290 -11.663208
v -1.848237 4.014249 -10.930288
v -1.848238 6.036290 -11.663208
v 0.234425 6.538083 3.079322
v -0.234425 7.108406 3.319206
v -0.234425 6.538083 3.079322
v 0.234425 7.108406 3.319206
v 0.234425 5.732644 3.215861
v -0.234425 5.732644 3.215861
v -1.612669 3.596579 -10.888903
v -1.079328 3.596579 -10.888903
v -1.612669 3.408842 -10.968991
v -1.079322 3.408842 -10.968991
v 0.843779 -3.676062 7.442208
v 0.843779 -3.852856 5.348452
v 1.459364 -2.952509 5.986181
v 1.459364 -2.954557 7.171800
v -1.502708 0.405089 4.668515
v -0.969361 0.405095 4.668515
v -1.502708 0.594472 4.592396
v -0.969361 0.594472 4.592396
v -0.314626 -4.937630 6.083609
v 0.314628 -4.937630 6.083609
v -0.353078 -4.987233 6.247537
v 0.353086 -4.987233 6.247537
v -0.843777 -3.676068 7.442208
v -1.459362 -2.952509 5.986181
v -0.843777 -3.852856 5.348452
v -1.459362 -2.954557 7.171800
v 1.030843 2.961438 6.264473
v 1.065526 2.407562 5.583179
v 1.848237 3.840415 5.598244
v 1.440737 6.542989 2.447291
v 1.030850 3.833309 6.273639
v 1.848237 3.840415 5.598244
v 1.848237 6.544082 2.343771
v 1.440737 6.542989 2.447291
v 1.848237 6.544082 2.343771
v 1.848237 7.033468 1.754689
v -1.848237 6.544076 2.343771
v -1.440737 6.542989 2.447291
v -1.848237 7.033462 1.754689
v -1.662398 7.684326 -10.529245
v -1.129056 7.684326 -10.529245
v -1.662398 7.608207 -10.718622
v -1.129056 7.608207 -10.718622
v -1.662398 7.420470 -10.798706
v -1.129056 7.420470 -10.798706
v -1.662398 7.231100 -10.722593
v -1.129056 7.231100 -10.722593
v -1.030849 3.833309 6.273639
v -1.440737 6.542989 2.447291
v -1.848237 3.840408 5.598244
v -1.848237 6.544076 2.343771
v -0.000000 6.542989 2.447291
v 0.000000 3.833309 6.273639
v 1.030850 3.833309 6.273639
v -1.030849 3.833309 6.273639
v 1.440737 6.542989 2.447291
v -1.440737 6.542989 2.447291
v -0.000000 7.033462 1.754689
v 1.848237 7.033468 1.754689
v -1.848237 7.033462 1.754689
v -1.030843 2.961432 6.264473
v -1.848237 3.840408 5.598244
v -1.065526 2.407561 5.583179
v -1.569908 3.625670 -15.008758
v -1.036567 3.545582 -14.821027
v -1.569908 3.545582 -14.821027
v -1.036567 3.625670 -15.008758
v 0.843779 -2.116426 9.035691
v 1.459363 2.325764 5.526974
v 0.843778 3.375051 6.111940
v 1.459364 -2.038329 7.781417
v -1.915234 6.466544 0.740198
v -1.381894 6.466544 0.740198
v -1.915235 6.655921 0.664073
v -1.381894 6.655921 0.664073
v -0.689995 0.205674 -1.727141
v -0.156648 0.205674 -1.727141
v -0.689995 0.281793 -1.537765
v -0.156648 0.281793 -1.537765
v -0.368954 2.163619 1.293421
v 0.368954 2.995801 0.815550
v -0.368954 2.995801 0.815550
v 0.368954 2.163619 1.293421
v -0.368954 1.513741 1.354608
v 0.368954 1.513741 1.354608
v -0.368954 0.875755 1.279878
v 0.368954 0.875755 1.279878
v -0.368953 0.186520 0.995309
v 0.368954 0.186520 0.995309
v -0.843777 -2.116433 9.035691
v -1.459363 2.325757 5.526968
v -1.459362 -2.038329 7.781417
v -0.843778 3.375051 6.111940
v -1.831131 3.183563 5.391710
v -1.297790 3.259682 5.581087
v -1.831131 3.259682 5.581087
v -1.297790 3.183563 5.391710
v 1.649877 6.520644 -0.314642
v 1.953159 5.202243 0.008503
v 1.953158 6.486916 -0.455642
v 1.649877 5.165330 0.175026
v -1.658150 7.175962 -0.411825
v 1.658150 7.175969 -0.411825
v -1.031070 7.700427 -0.684224
v 1.031063 7.700427 -0.684224
v -1.658150 6.912069 -0.261050
v 1.658150 6.912075 -0.261050
v -1.953159 5.202236 0.008503
v -1.649877 6.520644 -0.314642
v -1.953159 6.486910 -0.455642
v -1.649877 5.165323 0.175026
v -1.612669 3.219471 -10.892866
v -1.079328 3.219471 -10.892866
v -1.612669 3.139382 -10.705135
v -1.079322 3.139382 -10.705135
v -0.579734 8.408295 -7.469979
v -0.579734 8.403532 -7.017683
v -0.000001 8.408295 -7.469979
v -0.000001 8.403532 -7.017683
v 0.579727 8.403539 -7.017683
v 0.579727 8.408300 -7.469979
v -0.579734 8.091851 -7.473303
v -0.000001 8.408295 -7.469979
v -0.000001 8.091851 -7.473303
v -0.579734 8.408295 -7.469979
v 0.579727 8.091851 -7.473303
v 0.579727 8.408300 -7.469979
v 1.258357 7.975239 -6.645877
v 1.791259 7.787395 -7.743083
v 1.258357 7.987420 -7.803924
v 1.791259 7.775214 -6.585036
v -1.569908 4.078897 -14.815416
v -1.036567 4.078897 -14.815416
v -1.569908 4.002779 -15.004793
v -1.036567 4.002779 -15.004793
v -1.915235 6.655921 0.664073
v -1.381894 6.655921 0.664073
v -1.915235 6.736003 0.476342
v -1.381894 6.736003 0.476342
v 0.702408 8.083830 -6.710399
v 1.258357 7.987420 -7.803924
v 0.702407 8.095765 -7.845429
v 1.258357 7.975239 -6.645877
v -0.689995 0.281793 -1.537765
v -0.156648 0.281793 -1.537765
v -0.689995 0.469524 -1.457675
v -0.156648 0.469524 -1.457675
v -0.702409 8.083830 -6.710399
v -1.258359 7.987420 -7.803924
v -1.258359 7.975239 -6.645877
v -0.702409 8.095765 -7.845429
v -0.000001 8.095765 -7.845429
v 0.579727 8.091851 -7.473303
v 0.702407 8.095765 -7.845429
v 0.702408 8.083830 -6.710399
v -0.000001 8.091851 -7.473303
v 0.579727 8.087096 -7.021006
v -0.579734 8.091851 -7.473303
v -0.000001 8.083830 -6.710399
v -0.702409 8.095765 -7.845429
v -0.000001 8.087096 -7.021006
v -0.702409 8.083830 -6.710399
v -0.579734 8.087096 -7.021006
v -1.258359 7.975239 -6.645877
v -1.791260 7.787389 -7.743083
v -1.791260 7.775214 -6.585036
v -1.258359 7.987420 -7.803924
v 1.031068 7.807880 -10.900820
v 1.031063 7.700427 -0.684224
v 1.658150 7.175969 -0.411825
v 1.658149 7.289572 -11.213310
v -1.915234 6.278806 0.660109
v -1.381894 6.278806 0.660109
v -1.915234 6.466544 0.740198
v -1.381894 6.466544 0.740198
v 1.966897 7.408874 -7.619365
v 1.791259 7.775214 -6.585036
v 1.966897 7.396693 -6.461325
v 1.791259 7.787395 -7.743083
v 1.551733 7.283724 -11.231817
v 1.551732 7.328464 -15.485422
v 1.039266 7.845145 -15.326738
v 1.039266 7.799186 -10.956572
v -1.031070 7.700427 -0.684224
v 1.031068 7.807880 -10.900820
v -1.031070 7.807880 -10.900820
v 1.031063 7.700427 -0.684224
v 0.372383 7.835992 -14.456664
v 0.372383 7.799180 -10.956572
v 1.039266 7.799186 -10.956572
v 1.039266 7.845145 -15.326738
v -0.372385 7.835992 -14.456664
v -1.039275 7.845145 -15.326745
v -1.039274 7.799180 -10.956572
v -0.372391 7.799180 -10.956572
v -0.689995 0.285756 -1.914872
v -0.156648 0.285756 -1.914872
v -0.689995 0.205674 -1.727141
v -0.156648 0.205674 -1.727141
v -1.658150 7.175962 -0.411825
v -1.031070 7.807880 -10.900820
v -1.658151 7.289566 -11.213310
v -1.031070 7.700427 -0.684224
v -1.831131 3.636796 5.585052
v -1.297790 3.636796 5.585052
v -1.831131 3.716879 5.397320
v -1.297790 3.716879 5.397320
v 1.848236 7.131103 -7.528584
v 1.966897 6.646070 -7.353317
v 1.848236 6.646133 -7.359523
v 1.966897 7.408874 -7.619365
v 1.966897 4.126427 -6.474523
v 1.848237 4.085896 -6.467041
v 1.966897 7.408874 -7.619365
v -0.000001 7.598131 -7.681224
v 1.791259 7.787395 -7.743083
v 1.258357 7.987420 -7.803924
v 1.848236 7.131103 -7.528584
v -0.000001 7.877340 -7.772482
v -0.000001 7.131103 -7.528584
v -1.258359 7.987420 -7.803924
v -1.848238 7.131103 -7.528584
v -1.791260 7.787389 -7.743083
v -1.966898 7.408874 -7.619365
v -1.966898 6.646070 -7.353317
v -1.966898 7.408874 -7.619365
v -1.848238 7.131103 -7.528584
v -1.848237 6.646133 -7.359523
v -1.966898 4.126427 -6.474523
v -1.848237 4.085896 -6.467041
v -1.039275 7.845145 -15.326745
v -1.551734 7.283724 -11.231817
v -1.039274 7.799180 -10.956572
v -1.551734 7.328464 -15.485429
v -0.544434 -0.681262 3.770668
v -0.544435 -0.631691 -0.942364
v 0.544435 -0.631691 -0.942364
v 0.544435 -0.681262 3.770668
v 0.544435 -0.592906 -1.070736
v -0.544435 -0.592906 -1.070736
v -0.544435 0.587173 -2.886395
v 0.544435 0.587179 -2.886401
v -0.544435 0.693703 -2.969625
v 0.544435 0.693709 -2.969625
v -0.544435 2.651422 -3.644568
v 0.544435 2.651422 -3.644568
v -0.000001 7.877340 -7.772482
v 0.702407 8.095765 -7.845429
v 1.258357 7.987420 -7.803924
v -0.000001 8.095765 -7.845429
v -0.702409 8.095765 -7.845429
v -1.258359 7.987420 -7.803924
v -1.966898 7.408874 -7.619365
v -1.791260 7.775214 -6.585036
v -1.791260 7.787389 -7.743083
v -1.966898 7.396687 -6.461325
v -0.000001 7.131103 -7.528584
v 1.848236 7.178117 -11.998585
v -0.000001 7.178111 -11.998585
v 1.848236 7.131103 -7.528584
v -1.848238 7.131103 -7.528584
v -1.848238 7.178111 -11.998585
v 1.848236 7.189776 -13.107582
v -1.848238 7.189776 -13.107582
v -0.000001 7.189776 -13.107582
v 1.848236 7.207165 -14.760682
v -1.848238 7.207159 -14.760682
v -0.000001 7.207159 -14.760682
v -0.000001 7.118916 -6.370537
v -0.000000 7.093266 -3.931058
v 1.848236 7.118922 -6.370537
v 1.848236 7.093266 -3.931058
v -1.848237 7.118916 -6.370537
v 1.848237 7.033468 1.754689
v -1.848237 7.093266 -3.931058
v -0.000000 7.033462 1.754689
v -1.848237 7.033462 1.754689
v 1.953158 6.545703 -6.045111
v 1.649876 5.227447 -5.731615
v 1.649876 6.582660 -6.211458
v 1.953158 5.261124 -5.590258
v 0.544435 -0.592906 -1.070736
v 0.618751 0.686610 -2.868925
v 0.618751 -0.538352 -0.984208
v 0.544435 0.587179 -2.886401
v 0.544435 -0.631691 -0.942364
v 0.618751 -0.588370 3.771647
v 0.544435 -0.681262 3.770668
v 0.544435 0.693709 -2.969625
v 0.618751 2.665004 -3.550992
v 0.544435 2.651422 -3.644568
v 1.649876 6.656191 -13.202428
v 1.953158 6.559165 -7.543184
v 1.953158 6.617104 -13.052050
v 1.649876 6.595067 -7.390645
v 1.649876 6.582660 -6.211458
v 1.649877 6.520644 -0.314642
v 1.953158 6.545703 -6.045111
v 1.953158 6.486916 -0.455642
v 1.966897 4.126427 -6.474523
v 1.966897 6.634210 -6.225561
v 1.966897 4.115623 -5.446808
v 1.966897 6.646070 -7.353317
v 1.966897 7.396693 -6.461325
v 1.966897 7.408874 -7.619365
v -0.000000 3.961632 -5.927399
v 1.065526 2.523879 -5.476660
v -0.000000 2.523879 -5.476660
v 1.848237 3.961632 -5.927399
v -1.065526 2.523879 -5.476660
v -1.848237 3.961631 -5.927399
v 1.953158 6.617104 -13.052050
v 1.953158 5.274606 -7.090215
v 1.953158 5.342746 -13.568844
v 1.953158 6.559165 -7.543184
v 1.953158 5.261124 -5.590258
v 1.953158 6.486916 -0.455642
v 1.953159 5.202243 0.008503
v 1.953158 6.545703 -6.045111
v -1.953159 6.559165 -7.543184
v -1.649878 6.656191 -13.202428
v -1.953160 6.617104 -13.052050
v -1.649877 6.595060 -7.390645
v -1.953159 6.545697 -6.045111
v -1.953159 6.486910 -0.455642
v -1.649877 6.520644 -0.314642
v -1.649877 6.582660 -6.211458
v 1.848236 6.693424 -11.856222
v 1.848236 7.189776 -13.107582
v 1.848236 7.178117 -11.998585
v 1.848236 6.708765 -13.314662
v 1.848236 7.131103 -7.528584
v 1.848236 6.646133 -7.359523
v 1.848236 6.036290 -11.663208
v 1.848237 4.085896 -6.467041
v 1.848236 4.014250 -10.930288
v 1.848237 3.961632 -5.927399
v 1.848237 4.075009 -5.431417
v 1.848237 3.840415 5.598244
v 1.848237 6.544082 2.343771
v 1.848237 6.612587 -4.170000
v 1.848236 6.634160 -6.220976
v 1.848237 7.033468 1.754689
v 1.848236 7.118922 -6.370537
v 1.848236 7.093266 -3.931058
v 1.065526 2.523879 -5.476660
v 1.848237 3.840415 5.598244
v 1.065526 2.407562 5.583179
v 1.848237 3.961632 -5.927399
v 1.848236 7.207165 -14.760682
v 1.848236 6.708765 -13.314662
v 1.896871 6.722478 -14.618319
v 1.848236 7.189776 -13.107582
v -1.953159 6.545697 -6.045111
v -1.649877 5.227446 -5.731615
v -1.953159 5.261117 -5.590258
v -1.649877 6.582660 -6.211458
v 1.041170 2.508934 -11.246932
v 1.745670 4.108681 -10.089828
v 1.041170 2.496942 -10.106782
v 1.745670 4.120673 -11.229977
v -1.041171 2.508928 -11.246932
v 1.041170 2.496942 -10.106782
v -1.041171 2.496935 -10.106782
v 1.041170 2.508934 -11.246932
v 1.551732 7.328464 -15.485422
v 1.713368 4.411309 -10.830304
v 1.713368 4.469273 -16.342066
v 1.551733 7.283724 -11.231817
v 1.658149 7.289572 -11.213310
v 1.658150 7.175969 -0.411825
v 1.658149 7.026740 -11.163714
v 1.658150 6.912075 -0.261050
v 0.000000 2.407562 5.583179
v 1.065526 2.523879 -5.476660
v 1.065526 2.407562 5.583179
v -0.000000 2.523879 -5.476660
v -1.065526 2.407561 5.583179
v -1.065526 2.523879 -5.476660
v 1.151997 3.088642 -15.328894
v 1.713368 4.411309 -10.830304
v 1.151997 3.041477 -10.844715
v 1.713368 4.469273 -16.342066
v 0.933302 2.794161 -10.473010
v 1.692776 4.184561 -6.099117
v 0.933303 2.743070 -5.615373
v 1.692776 4.230400 -10.457901
v -1.560151 2.965396 -5.003494
v -1.026804 2.965396 -5.003494
v -1.560151 2.885307 -4.815763
v -1.026804 2.885307 -4.815763
v 1.896871 6.722478 -14.618319
v 1.848236 6.708765 -13.314662
v 1.859544 6.056619 -13.595423
v 1.864406 6.065344 -14.425304
v -1.612669 3.672691 -10.699526
v -1.079328 3.596579 -10.888903
v -1.612669 3.596579 -10.888903
v -1.079322 3.672691 -10.699526
v -1.565756 7.297117 -14.970141
v -1.032415 7.297117 -14.970141
v -1.565756 7.217034 -14.782411
v -1.032415 7.217034 -14.782411
v 0.331614 8.181646 4.772827
v -0.405289 8.183268 4.524608
v -0.331620 8.181646 4.772827
v 0.405282 8.183268 4.524613
v 0.451549 7.897229 4.213039
v -0.451556 7.897223 4.213039
v 0.486320 7.696614 3.898431
v -0.486320 7.696608 3.898431
v -0.539849 7.693925 3.414127
v 0.539849 7.693925 3.414127
v 0.596820 7.859406 3.128830
v -0.596821 7.859406 3.128830
v -0.596821 7.867666 2.663693
v 0.596820 7.867666 2.663693
v -0.596821 7.737032 2.092321
v 0.596820 7.737032 2.092321
v -0.331620 7.371860 1.469298
v 0.331613 7.371860 1.469298
v -1.560151 3.154766 -5.079613
v -1.026804 3.154766 -5.079613
v -1.560151 2.965396 -5.003494
v -1.026804 2.965396 -5.003494
v 1.459364 -2.954557 7.171800
v 1.459364 -2.952509 5.986181
v 1.459363 2.087959 3.281156
v 1.459363 2.325764 5.526974
v 1.459364 -2.038329 7.781417
v -0.544435 -0.592906 -1.070736
v -0.544435 -0.631691 -0.942364
v -0.618744 -0.538352 -0.984208
v -0.618744 -0.588376 3.771647
v -0.544434 -0.681262 3.770668
v -0.618744 0.686610 -2.868918
v -0.544435 0.587173 -2.886395
v -0.544435 0.693703 -2.969625
v -0.618745 2.664997 -3.550992
v -0.544435 2.651422 -3.644568
v 0.704751 7.132014 2.806062
v -0.709300 6.928396 1.561210
v -0.706466 7.121473 2.806194
v 0.701792 7.002925 1.553364
v -0.933303 2.794155 -10.473010
v 0.933303 2.743070 -5.615373
v -0.933303 2.743070 -5.615373
v 0.933302 2.794161 -10.473010
v -1.848238 7.189776 -13.107582
v -1.890007 6.693424 -11.856222
v -1.848238 7.178111 -11.998585
v -1.893631 6.708765 -13.314662
v -1.848238 7.207159 -14.760682
v -1.896867 6.722472 -14.618319
v -1.966898 4.126427 -6.474523
v -1.966898 6.634203 -6.225561
v -1.966898 6.646070 -7.353317
v -1.966898 4.115616 -5.446808
v -1.966898 7.396687 -6.461325
v -1.966898 7.408874 -7.619365
v -1.953159 5.274605 -7.090215
v -1.953160 6.617104 -13.052050
v -1.953159 5.342746 -13.568844
v -1.953159 6.559165 -7.543184
v -1.953159 5.261117 -5.590258
v -1.953159 6.486910 -0.455642
v -1.953159 6.545697 -6.045111
v -1.953159 5.202236 0.008503
v -1.848238 7.131103 -7.528584
v -1.848238 7.178111 -11.998585
v -1.890007 6.693424 -11.856222
v -1.848237 6.646133 -7.359523
v -1.848237 3.840408 5.598244
v -1.848237 3.961631 -5.927399
v -1.065526 2.523879 -5.476660
v -1.065526 2.407561 5.583179
v -1.915234 6.278806 0.660109
v -1.915234 6.466544 0.740198
v -1.915234 6.469346 0.473540
v -1.915235 6.655921 0.664073
v -1.915234 6.202693 0.470732
v -1.915235 6.736003 0.476342
v -1.915234 6.282770 0.283001
v -1.915235 6.659884 0.286965
v -1.915235 6.472147 0.206876
v -1.848237 4.075003 -5.431417
v -1.848237 6.612587 -4.170000
v -1.848237 6.634160 -6.220976
v -1.848237 7.118916 -6.370537
v -1.848237 7.093266 -3.931058
v -1.848237 7.033462 1.754689
v -1.848237 6.544076 2.343771
v -1.848237 3.840408 5.598244
v -1.848237 3.961631 -5.927399
v -1.848237 4.085896 -6.467041
v -1.848237 4.014249 -10.930288
v -1.848238 6.036290 -11.663208
v -1.151998 3.088642 -15.328894
v 1.151997 3.041477 -10.844715
v -1.151998 3.041477 -10.844715
v 1.151997 3.088642 -15.328894
v -1.831131 3.259682 5.581087
v -1.831131 3.447413 5.661170
v -1.831131 3.450221 5.394518
v -1.831131 3.636796 5.585052
v -1.831131 3.183563 5.391710
v -1.831131 3.716879 5.397320
v -1.831131 3.263646 5.203979
v -1.831131 3.640754 5.207943
v -1.831131 3.453023 5.127854
v -1.848237 6.646133 -7.359523
v -1.890007 6.693424 -11.856222
v -1.848238 6.036290 -11.663208
v -1.848237 4.085896 -6.467041
v -1.745671 4.120666 -11.229977
v -1.041171 2.496935 -10.106782
v -1.745671 4.108680 -10.089828
v -1.041171 2.508928 -11.246932
v -1.896867 6.722472 -14.618319
v -1.859551 6.056612 -13.595423
v -1.893631 6.708765 -13.314662
v -1.864408 6.065344 -14.425304
v 0.701792 7.002925 1.553364
v 0.792756 6.997654 2.755159
v 0.795130 6.867623 1.574911
v 0.806344 6.024593 2.103692
v 0.704751 7.132014 2.806062
v 0.793484 6.011690 2.906555
v 0.792498 4.347999 2.583208
v 0.792492 6.798019 3.641799
v 0.706542 6.912804 3.704336
v 0.792498 5.394509 3.703394
v 0.792492 6.459036 4.334967
v 0.706542 6.559329 4.426225
v 0.792492 6.051348 4.900276
v 0.706542 6.139943 5.009734
v 0.792498 4.738958 4.236873
v 0.792492 4.233265 4.421752
v 0.792492 5.544084 5.334368
v 0.706542 5.612268 5.457708
v 0.792492 4.910897 5.631518
v 0.792492 4.029685 5.791698
v 0.706542 4.947313 5.775534
v 0.706542 4.017014 5.945311
v -1.551734 7.328464 -15.485429
v -1.713369 4.411303 -10.830304
v -1.551734 7.283724 -11.231817
v -1.713369 4.469273 -16.342066
v -0.933303 2.794155 -10.473010
v -1.692777 4.184554 -6.099117
v -1.692777 4.230400 -10.457901
v -0.933303 2.743070 -5.615373
v -1.713369 4.411303 -10.830304
v -1.713369 4.469273 -16.342066
v -1.151998 3.088642 -15.328894
v -1.151998 3.041477 -10.844715
v -1.662398 7.227129 -10.345478
v -1.662398 7.414866 -10.265396
v -1.662398 7.417668 -10.532048
v -1.662398 7.604237 -10.341515
v -1.662398 7.151017 -10.534855
v -1.662398 7.684326 -10.529245
v -1.662398 7.231100 -10.722593
v -1.662398 7.608207 -10.718622
v -1.662398 7.420470 -10.798706
v -1.658151 7.026740 -11.163714
v -1.658150 7.175962 -0.411825
v -1.658151 7.289566 -11.213310
v -1.658150 6.912069 -0.261050
v -0.372391 7.799180 -10.956572
v 0.252918 8.597898 -13.919272
v -0.252920 8.597898 -13.919272
v 0.372383 7.799180 -10.956572
v -1.612669 3.215501 -10.515759
v -1.612669 3.403232 -10.435676
v -1.612669 3.406034 -10.702333
v -1.612669 3.592608 -10.511795
v -1.612669 3.139382 -10.705135
v -1.612669 3.672691 -10.699526
v -1.612669 3.219471 -10.892866
v -1.612669 3.596579 -10.888903
v -1.612669 3.408842 -10.968991
v -1.391787 -1.780409 7.798077
v -0.858439 -1.860498 7.985814
v -1.391787 -1.860498 7.985814
v -0.858439 -1.780409 7.798077
v -1.560151 2.961426 -4.626387
v -1.560151 3.149163 -4.546304
v -1.560151 3.151965 -4.812955
v -1.560151 3.338533 -4.622423
v -1.560151 2.885307 -4.815763
v -1.560151 3.418622 -4.810153
v -1.560151 2.965396 -5.003494
v -1.560151 3.342504 -4.999530
v -1.560151 3.154766 -5.079613
v -1.569908 3.621700 -14.631650
v -1.569908 3.809438 -14.551567
v -1.569908 3.812239 -14.818224
v -1.569908 3.998815 -14.627686
v -1.569908 3.545582 -14.821027
v -1.569908 4.078897 -14.815416
v -1.569908 3.625670 -15.008758
v -1.569908 4.002779 -15.004793
v -1.569908 3.815048 -15.084876
v -1.565756 7.293153 -14.593034
v -1.565756 7.480884 -14.512951
v -1.565756 7.483692 -14.779603
v -1.565756 7.670261 -14.589070
v -1.565756 7.217034 -14.782411
v -1.565756 7.750350 -14.776801
v -1.565756 7.297117 -14.970141
v -1.565756 7.674231 -14.966178
v -1.565756 7.486494 -15.046261
v -1.502708 0.217358 4.588432
v -1.502708 0.405089 4.668515
v -1.502708 0.407897 4.401857
v -1.502708 0.594472 4.592396
v -1.502708 0.141239 4.399055
v -1.502708 0.674555 4.404665
v -1.502708 0.221322 4.211318
v -1.502708 0.598436 4.215288
v -1.502708 0.410705 4.135205
v 0.372383 7.799180 -10.956572
v 0.372383 7.835992 -14.456664
v 0.252918 8.597898 -13.919272
v -1.459362 -2.954557 7.171800
v -1.459363 2.087959 3.281156
v -1.459362 -2.952509 5.986181
v -1.459363 2.325757 5.526968
v -1.459362 -2.038329 7.781417
v 1.966897 4.126427 -6.474523
v 1.966897 4.115623 -5.446808
v 1.848237 4.085896 -6.467041
v 1.848237 4.075009 -5.431417
v -1.391787 -1.784379 8.175191
v -1.391787 -1.596642 8.255274
v -1.391787 -1.593840 7.988616
v -1.391787 -1.407271 8.179155
v -1.391787 -1.860498 7.985814
v -1.391787 -1.327182 7.991424
v -1.391787 -1.780409 7.798077
v -1.391787 -1.403301 7.802047
v -1.391787 -1.591032 7.721958
v -1.560151 2.885307 -4.815763
v -1.026804 2.885307 -4.815763
v -1.560151 2.961426 -4.626387
v -1.026804 2.961426 -4.626387
v 0.405282 8.183268 4.524613
v 0.331614 7.587892 4.990932
v 0.331614 7.396379 4.765389
v 0.331614 7.908286 5.064237
v 0.331614 8.181646 4.772827
v 0.451549 7.897229 4.213039
v 0.373678 7.281223 4.459576
v 0.405282 7.232513 4.154046
v 0.486320 7.696614 3.898431
v 0.554951 7.253941 3.052335
v 0.539849 7.693925 3.414127
v 0.596820 7.859406 3.128830
v 0.596820 7.867666 2.663693
v 0.596820 7.252144 2.110803
v 0.596820 7.737032 2.092321
v 0.331613 7.371860 1.469298
v 0.331614 7.201631 1.532646
v 0.618751 0.198814 -0.402942
v 0.618751 -0.588370 3.771647
v 0.618751 -0.538352 -0.984208
v 0.618751 0.154821 3.779463
v 0.618751 1.290787 -2.107610
v 0.618751 0.686610 -2.868925
v 0.618751 2.665004 -3.550992
v 0.618751 2.798213 -2.633017
v 0.707912 -1.228605 6.921833
v 0.314628 -0.636515 8.027652
v 0.314628 -3.191086 9.330996
v 0.707912 -3.869171 8.335677
v 0.353953 -3.354694 9.280362
v 0.707912 -4.459747 7.232703
v 0.707912 -1.819175 5.818848
v 0.314628 -4.937630 6.083609
v 0.353086 -4.987233 6.247537
v 0.314628 -2.403827 4.726925
v -1.966898 4.115616 -5.446808
v -1.966898 4.126427 -6.474523
v -1.848237 4.085896 -6.467041
v -1.848237 4.075003 -5.431417
v 0.579727 8.091851 -7.473303
v 0.579727 8.403539 -7.017683
v 0.579727 8.087096 -7.021006
v 0.579727 8.408300 -7.469979
v -1.502708 0.221322 4.211318
v -0.969361 0.221322 4.211318
v -1.502708 0.141239 4.399055
v -0.969361 0.141239 4.399055
v -0.418708 5.508967 -15.970994
v -0.000001 5.385243 -14.875340
v -0.000001 5.397136 -16.005817
v -0.418708 5.497434 -14.874160
v -0.725225 5.814492 -15.875289
v -0.725219 5.803932 -14.870936
v -1.560151 3.342504 -4.999530
v -1.026804 3.342504 -4.999531
v -1.560151 3.154766 -5.079613
v -1.026804 3.154766 -5.079613
v -0.701793 7.002919 1.553364
v -0.792756 6.997648 2.755159
v -0.706466 7.121473 2.806194
v -0.795137 6.867623 1.574911
v -0.806344 6.024593 2.103692
v -0.792498 6.798019 3.641799
v -0.793485 6.011690 2.906555
v -0.792498 4.347999 2.583208
v -0.706542 6.912797 3.704336
v -0.792498 6.459036 4.334967
v -0.706542 6.559322 4.426225
v -0.792498 5.394509 3.703394
v -0.792498 6.051342 4.900276
v -0.706542 6.139937 5.009734
v -0.792498 4.738958 4.236873
v -0.792498 4.233265 4.421752
v -0.792498 5.544084 5.334368
v -0.706542 5.612262 5.457708
v -0.792498 4.910897 5.631518
v -0.792498 4.029685 5.791698
v -0.706542 4.947307 5.775534
v -0.706541 4.017014 5.945311
v 0.368954 2.167345 0.939250
v 0.368954 2.995801 0.815550
v 0.368954 2.163619 1.293421
v 0.368954 2.999526 0.461384
v 0.368954 1.517466 1.000442
v 0.368954 1.513741 1.354608
v 0.368954 0.875755 1.279878
v 0.368954 0.879480 0.925705
v 0.368954 0.186520 0.995309
v 0.368954 0.190245 0.641138
v -0.689995 0.469524 -1.457675
v -0.156648 0.469524 -1.457675
v -0.689995 0.658900 -1.533794
v -0.156648 0.658900 -1.533794
v 0.234425 7.108406 3.319206
v 0.234425 7.527069 2.961635
v 0.234425 7.291193 4.309983
v 0.234425 7.346795 1.560488
v 0.234425 6.538083 3.079322
v 0.234425 5.732644 3.215861
v 0.234425 6.951344 1.093943
v -0.372385 7.835992 -14.456664
v -0.372391 7.799180 -10.956572
v -0.252920 8.597898 -13.919272
v -1.915235 6.736003 0.476342
v -1.381894 6.736003 0.476342
v -1.915235 6.659884 0.286965
v -1.381894 6.659884 0.286965
v -0.000000 4.014250 -10.930288
v 1.848237 3.961632 -5.927399
v -0.000000 3.961632 -5.927399
v 1.848236 4.014250 -10.930288
v -1.848237 3.961631 -5.927399
v -1.848237 4.014249 -10.930288
v -0.544435 1.351678 -2.030461
v 0.544435 1.351685 -2.030461
v -0.544435 2.811801 -2.539378
v 0.544435 2.811808 -2.539378
v 0.142715 0.185904 3.636648
v 0.142715 0.215109 0.860404
v 0.142715 1.499173 2.816810
v 0.142714 1.515990 1.217805
v 0.142714 2.953931 1.778762
v 0.142714 2.964416 0.781910
v 0.418706 5.508967 -15.970994
v 0.418706 5.497434 -14.874160
v 0.725217 5.814492 -15.875289
v 0.725224 5.803932 -14.870936
v -0.000001 5.385243 -14.875340
v -0.000001 5.397136 -16.005817
v -0.689995 0.281793 -1.537765
v -0.689995 0.469524 -1.457675
v -0.689995 0.472332 -1.724333
v -0.689995 0.658900 -1.533794
v -0.689995 0.205674 -1.727141
v -0.689995 0.738989 -1.721532
v -0.689995 0.285756 -1.914872
v -0.689995 0.662864 -1.910908
v -0.689995 0.475133 -1.990991
v -0.405289 8.183268 4.524608
v -0.331620 7.908286 5.064237
v -0.331620 8.181646 4.772827
v -0.331620 7.587892 4.990932
v -0.331620 7.396379 4.765389
v -0.451556 7.897223 4.213039
v -0.373678 7.281223 4.459576
v -0.405289 7.232513 4.154046
v -0.486320 7.696608 3.898431
v -0.554951 7.253941 3.052335
v -0.539849 7.693925 3.414127
v -0.596821 7.859406 3.128830
v -0.596821 7.867666 2.663693
v -0.596821 7.252144 2.110803
v -0.596821 7.737032 2.092321
v -0.331620 7.371860 1.469298
v -0.331620 7.201631 1.532646
v -0.618744 0.198807 -0.402948
v -0.618744 -0.588376 3.771647
v -0.618744 0.154821 3.779463
v -0.618744 -0.538352 -0.984208
v -0.618744 1.290781 -2.107604
v -0.618744 0.686610 -2.868918
v -0.618745 2.664997 -3.550992
v -0.618745 2.798213 -2.633017
v -0.707911 -1.819175 5.818854
v -0.707910 -4.459747 7.232703
v -0.707910 -3.869177 8.335677
v -0.314626 -4.937630 6.083609
v -0.353078 -4.987233 6.247537
v -0.314626 -2.403827 4.726925
v -0.707911 -1.228605 6.921833
v -0.314626 -3.191086 9.330996
v -0.314626 -0.636515 8.027646
v -0.353951 -3.354694 9.280362
v -1.662398 7.604237 -10.341515
v -1.129056 7.684326 -10.529245
v -1.662398 7.684326 -10.529245
v -1.129056 7.604237 -10.341515
v -0.579734 8.403532 -7.017683
v -0.579734 8.408295 -7.469979
v -0.579734 8.091851 -7.473303
v -0.579734 8.087096 -7.021006
v -1.662398 7.231100 -10.722593
v -1.129056 7.151017 -10.534855
v -1.662398 7.151017 -10.534855
v -1.129056 7.231100 -10.722593
v -0.368954 2.163619 1.293421
v -0.368954 2.995801 0.815550
v -0.368954 2.167344 0.939250
v -0.368954 2.999526 0.461384
v -0.368954 1.517466 1.000442
v -0.368954 1.513741 1.354608
v -0.368954 0.875755 1.279878
v -0.368954 0.879480 0.925705
v -0.368953 0.186520 0.995309
v -0.368954 0.190245 0.641138
v -1.915234 6.202693 0.470732
v -1.381894 6.202693 0.470732
v -1.915234 6.278806 0.660109
v -1.381894 6.278806 0.660109
v -0.689995 0.475133 -1.990991
v -0.156648 0.475133 -1.990991
v -0.689995 0.285756 -1.914872
v -0.156648 0.285756 -1.914872
v -0.234425 7.108406 3.319206
v -0.234425 7.291193 4.309983
v -0.234425 7.527069 2.961635
v -0.234425 7.346795 1.560488
v -0.234425 6.538083 3.079322
v -0.234425 7.108406 3.319206
v -0.234425 7.346795 1.560488
v -0.234425 5.732644 3.215861
v -0.234425 5.732644 3.215861
v -0.234425 7.346795 1.560488
v -0.234425 6.951344 1.093943
v -0.142714 0.215103 0.860404
v -0.142714 0.185904 3.636642
v -0.142714 1.499173 2.816810
v -0.142714 1.515990 1.217805
v -0.142714 2.953931 1.778762
v -0.142714 2.964416 0.781910
v -1.560151 2.961426 -4.626387
v -1.026804 2.961426 -4.626387
v -1.560151 3.149163 -4.546304
v -1.026804 3.149163 -4.546304
v -1.502708 0.594472 4.592396
v -0.969361 0.674555 4.404665
v -1.502708 0.674555 4.404665
v -0.969361 0.594472 4.592396
v -0.837415 6.231848 -15.744548
v -0.725219 5.803932 -14.870936
v -0.725225 5.814492 -15.875289
v -0.837415 6.222614 -14.866533
v -0.725225 6.649211 -15.614655
v -0.725219 6.641296 -14.862129
v 0.618751 0.198814 -0.402942
v 0.544435 1.351685 -2.030461
v 0.544435 0.291417 -0.375295
v 0.618751 0.154821 3.779463
v 0.544435 0.247706 3.780437
v 0.618751 1.290787 -2.107610
v 0.618751 2.798213 -2.633017
v 0.544435 2.811808 -2.539378
v 1.745670 4.120673 -11.229977
v -1.745671 4.120666 -11.229977
v -1.745671 4.108680 -10.089828
v 1.745670 4.108681 -10.089828
v 1.649877 5.165330 0.175026
v 1.649876 5.227447 -5.731615
v 1.953159 5.202243 0.008503
v 1.953158 5.261124 -5.590258
v 1.649876 5.239872 -6.912761
v 1.953158 5.342746 -13.568844
v 1.953158 5.274606 -7.090215
v 1.649876 5.311757 -13.747642
v -1.560151 3.418622 -4.810153
v -1.026804 3.342504 -4.999531
v -1.560151 3.342504 -4.999530
v -1.026804 3.418622 -4.810153
v -1.953159 5.202236 0.008503
v -1.953159 5.261117 -5.590258
v -1.649877 5.227446 -5.731615
v -1.649877 5.165323 0.175026
v -1.953159 5.342746 -13.568844
v -1.649877 5.239865 -6.912761
v -1.953159 5.274605 -7.090215
v -1.649878 5.311756 -13.747642
v -1.391787 -1.407271 8.179155
v -0.858439 -1.327182 7.991424
v -1.391787 -1.327182 7.991424
v -0.858439 -1.407271 8.179155
v -0.544435 1.351678 -2.030461
v -0.618744 0.198807 -0.402948
v -0.544435 0.291417 -0.375301
v -0.618744 0.154821 3.779463
v -0.544435 0.247706 3.780442
v -0.618744 1.290781 -2.107604
v -0.618745 2.798213 -2.633017
v -0.544435 2.811801 -2.539378
v 0.843778 2.936285 5.183908
v 1.459363 2.087959 3.281156
v 0.843778 2.504750 2.025625
v 1.459363 2.325764 5.526974
v -0.234425 6.951344 1.093943
v -0.234425 7.346795 1.560488
v 0.234425 7.346795 1.560488
v 0.234425 6.951344 1.093943
v -0.000001 7.865160 -6.614429
v 0.702408 8.083830 -6.710399
v -0.000001 8.083830 -6.710399
v 1.258357 7.975239 -6.645877
v -1.258359 7.975239 -6.645877
v -0.000001 7.865160 -6.614429
v -0.702409 8.083830 -6.710399
v -0.000001 8.083830 -6.710399
v 0.843779 -3.852856 5.348452
v 0.843778 2.504750 2.025625
v 1.459363 2.087959 3.281156
v 1.459364 -2.952509 5.986181
v -1.560151 3.149163 -4.546304
v -1.026804 3.149163 -4.546304
v -1.560151 3.338533 -4.622423
v -1.026804 3.338533 -4.622423
v -0.234425 7.291193 4.309983
v -0.234425 7.108406 3.319206
v 0.234425 7.108406 3.319206
v 0.234425 7.291193 4.309983
v -1.565756 7.670261 -14.589070
v -1.032415 7.670261 -14.589070
v -1.565756 7.750350 -14.776801
v -1.032415 7.750350 -14.776801
v -1.612669 3.139382 -10.705135
v -1.079322 3.139382 -10.705135
v -1.612669 3.215501 -10.515759
v -1.079322 3.215501 -10.515759
v -1.560151 3.338533 -4.622423
v -1.026804 3.338533 -4.622423
v -1.560151 3.418622 -4.810153
v -1.026804 3.418622 -4.810153
v -0.000001 6.065344 -14.425304
v 1.859544 6.056619 -13.595423
v -0.000001 6.056612 -13.595423
v 1.864406 6.065344 -14.425304
v -1.859551 6.056612 -13.595423
v -1.864408 6.065344 -14.425304
v -0.843778 2.936285 5.183908
v -1.459363 2.087959 3.281156
v -1.459363 2.325757 5.526968
v -0.843778 2.504744 2.025625
v 1.649876 5.239872 -6.912761
v 1.953158 6.559165 -7.543184
v 1.649876 6.595067 -7.390645
v 1.953158 5.274606 -7.090215
v 0.725217 5.814492 -15.875289
v 0.725224 5.803932 -14.870936
v 0.837413 6.231848 -15.744548
v 0.837414 6.222614 -14.866533
v 0.725217 6.649211 -15.614661
v 0.725224 6.641296 -14.862129
v 0.418706 6.954742 -15.519540
v 0.418706 6.947794 -14.858907
v -0.000001 7.066575 -15.484417
v -0.000001 7.059978 -14.857726
v 1.848236 6.634160 -6.220976
v 1.848237 4.075009 -5.431417
v 1.966897 4.115623 -5.446808
v 1.966897 6.634210 -6.225561
v 1.848236 7.118922 -6.370537
v 1.966897 7.396693 -6.461325
v -1.848237 4.075003 -5.431417
v -1.848237 6.634160 -6.220976
v -1.966898 4.115616 -5.446808
v -1.966898 6.634203 -6.225561
v -1.848237 7.118916 -6.370537
v -1.966898 7.396687 -6.461325
v 1.791259 7.775214 -6.585036
v -0.000001 7.585950 -6.523177
v 1.966897 7.396693 -6.461325
v 1.848236 7.118922 -6.370537
v 1.258357 7.975239 -6.645877
v -0.000001 7.118916 -6.370537
v -0.000001 7.865160 -6.614429
v -1.848237 7.118916 -6.370537
v -1.258359 7.975239 -6.645877
v -1.966898 7.396687 -6.461325
v -1.791260 7.775214 -6.585036
v -0.544435 0.291417 -0.375301
v 0.544435 1.351685 -2.030461
v -0.544435 1.351678 -2.030461
v 0.544435 0.291417 -0.375295
v -1.459363 2.087959 3.281156
v -0.843777 -3.852856 5.348452
v -1.459362 -2.952509 5.986181
v -0.843778 2.504744 2.025625
v -1.953159 6.559165 -7.543184
v -1.953159 5.274605 -7.090215
v -1.649877 5.239865 -6.912761
v -1.649877 6.595060 -7.390645
v -0.418708 6.947794 -14.858907
v -0.000001 7.066575 -15.484417
v -0.000001 7.059978 -14.857726
v -0.418708 6.954742 -15.519533
v -0.725219 6.641296 -14.862129
v -0.725225 6.649211 -15.614655
v -1.848238 6.693424 -11.856222
v -0.000001 6.708765 -13.314662
v -0.000001 6.693424 -11.856222
v -1.848238 6.708765 -13.314662
v 1.848236 6.708765 -13.314662
v 1.848236 6.693424 -11.856222
v -0.331620 7.396379 4.765389
v 0.331614 7.396379 4.765389
v -0.331620 7.587892 4.990932
v 0.331614 7.587892 4.990932
v -0.373678 7.281223 4.459576
v 0.373678 7.281223 4.459576
v -0.405289 7.232513 4.154046
v 0.405282 7.232513 4.154046
v 0.554951 7.253941 3.052335
v -0.554951 7.253941 3.052335
v 0.596820 7.252144 2.110803
v -0.596821 7.252144 2.110803
v 0.331614 7.201631 1.532646
v -0.331620 7.201631 1.532646
v -1.831131 3.263646 5.203979
v -1.297790 3.183563 5.391710
v -1.831131 3.183563 5.391710
v -1.297790 3.263646 5.203979
v -1.692777 4.184554 -6.099117
v 0.933303 2.743070 -5.615373
v 1.692776 4.184561 -6.099117
v -0.933303 2.743070 -5.615373
v 0.843778 2.936285 5.183908
v 0.843778 3.375051 6.111940
v 1.459363 2.325764 5.526974
v -0.689995 0.658900 -1.533794
v -0.156648 0.658900 -1.533794
v -0.689995 0.738989 -1.721532
v -0.156648 0.738989 -1.721532
v 0.000000 2.504744 2.025625
v 0.000000 2.936285 5.183908
v 0.843778 2.936285 5.183908
v 0.843778 2.504750 2.025625
v -0.843778 2.936285 5.183908
v -0.843778 2.504744 2.025625
v -1.915235 6.659884 0.286965
v -1.381894 6.659884 0.286965
v -1.915235 6.472147 0.206876
v -1.381894 6.472147 0.206876
v -0.843778 2.936285 5.183908
v -1.459363 2.325757 5.526968
v -0.843778 3.375051 6.111940
v -0.689995 0.662864 -1.910908
v -0.156648 0.662864 -1.910908
v -0.689995 0.475133 -1.990991
v -0.156648 0.475133 -1.990991
v -1.915234 6.282770 0.283001
v -1.381894 6.282770 0.283001
v -1.915234 6.202693 0.470732
v -1.381894 6.202693 0.470732
v -1.569908 3.545582 -14.821027
v -1.036567 3.545582 -14.821027
v -1.569908 3.621700 -14.631650
v -1.036567 3.621700 -14.631650
v -0.000001 8.403532 -7.017683
v -0.579734 8.403532 -7.017683
v -0.579734 8.087096 -7.021006
v -0.000001 8.087096 -7.021006
v 0.579727 8.403539 -7.017683
v 0.579727 8.087096 -7.021006
v -1.612669 3.592608 -10.511795
v -1.079322 3.592608 -10.511795
v -1.612669 3.672691 -10.699526
v -1.079322 3.672691 -10.699526
v -1.831131 3.716879 5.397320
v -1.297790 3.716879 5.397320
v -1.831131 3.640754 5.207943
v -1.297790 3.640754 5.207943
v 0.000001 -3.852856 5.348452
v 0.000000 2.504744 2.025625
v 0.843778 2.504750 2.025625
v 0.843779 -3.852856 5.348452
v -0.843778 2.504744 2.025625
v -0.843777 -3.852856 5.348452
v 0.544435 0.247706 3.780437
v -0.544435 0.291417 -0.375301
v -0.544435 0.247706 3.780442
v 0.544435 0.291417 -0.375295
v -0.314626 -4.937630 6.083609
v 0.314628 -2.403827 4.726925
v 0.314628 -4.937630 6.083609
v -0.314626 -2.403827 4.726925
v -0.689995 0.738989 -1.721532
v -0.156648 0.738989 -1.721532
v -0.689995 0.662864 -1.910908
v -0.156648 0.662864 -1.910908
v -0.368954 2.999526 0.461384
v 0.368954 2.167345 0.939250
v -0.368954 2.167344 0.939250
v 0.368954 2.999526 0.461384
v 0.368954 1.517466 1.000442
v -0.368954 1.517466 1.000442
v -0.368954 0.879480 0.925705
v 0.368954 0.879480 0.925705
v -0.368954 0.190245 0.641138
v 0.368954 0.190245 0.641138
v -1.915235 6.472147 0.206876
v -1.381894 6.472147 0.206876
v -1.915234 6.282770 0.283001
v -1.381894 6.282770 0.283001
v -1.569908 3.998815 -14.627686
v -1.036567 4.078897 -14.815416
v -1.569908 4.078897 -14.815416
v -1.036567 3.998815 -14.627686
v -1.662398 7.414866 -10.265396
v -1.129056 7.414866 -10.265396
v -1.662398 7.604237 -10.341515
v -1.129056 7.604237 -10.341515
v -1.662398 7.151017 -10.534855
v -1.129056 7.151017 -10.534855
v -1.662398 7.227129 -10.345478
v -1.129056 7.227129 -10.345478
v 0.000000 2.936285 5.183908
v 0.000000 3.375051 6.111940
v 0.843778 3.375051 6.111940
v 0.843778 2.936285 5.183908
v -0.843778 3.375051 6.111940
v -0.843778 2.936285 5.183908
v -1.502708 0.410705 4.135205
v -0.969361 0.410705 4.135205
v -1.502708 0.221322 4.211318
v -0.969361 0.221322 4.211318
v -1.612669 3.215501 -10.515759
v -1.079322 3.215501 -10.515759
v -1.612669 3.403232 -10.435676
v -1.079322 3.403232 -10.435676
v 0.331614 7.201631 1.532646
v -0.331620 7.201631 1.532646
v -0.331620 7.371860 1.469298
v 0.331613 7.371860 1.469298
v -1.745671 4.108680 -10.089828
v 1.041170 2.496942 -10.106782
v 1.745670 4.108681 -10.089828
v -1.041171 2.496935 -10.106782
v -1.502708 0.674555 4.404665
v -0.969361 0.674555 4.404665
v -1.502708 0.598436 4.215288
v -0.969361 0.598436 4.215288
v -1.612669 3.403232 -10.435676
v -1.079322 3.403232 -10.435676
v -1.612669 3.592608 -10.511795
v -1.079322 3.592608 -10.511795
v -1.565756 7.217034 -14.782411
v -1.032415 7.293153 -14.593034
v -1.565756 7.293153 -14.593034
v -1.032415 7.217034 -14.782411
v -1.713369 4.411303 -10.830304
v 1.551733 7.283724 -11.231817
v -1.551734 7.283724 -11.231817
v 1.713368 4.411309 -10.830304
v -1.151998 3.041477 -10.844715
v 1.713368 4.411309 -10.830304
v -1.713369 4.411303 -10.830304
v 1.151997 3.041477 -10.844715
v -1.662398 7.227129 -10.345478
v -1.129056 7.227129 -10.345478
v -1.662398 7.414866 -10.265396
v -1.129056 7.414866 -10.265396
v -1.831131 3.453023 5.127854
v -1.297790 3.453023 5.127854
v -1.831131 3.263646 5.203979
v -1.297790 3.263646 5.203979
v 0.372383 7.799180 -10.956572
v 1.551733 7.283724 -11.231817
v 1.039266 7.799186 -10.956572
v -0.372391 7.799180 -10.956572
v -1.551734 7.283724 -11.231817
v -1.039274 7.799180 -10.956572
v -1.391787 -1.591032 7.721958
v -0.858439 -1.591032 7.721958
v -1.391787 -1.780409 7.798077
v -0.858439 -1.780409 7.798077
v -1.831131 3.640754 5.207943
v -1.297790 3.640754 5.207943
v -1.831131 3.453023 5.127854
v -1.297790 3.453023 5.127854
v -1.502708 0.598436 4.215288
v -0.969361 0.598436 4.215288
v -1.502708 0.410705 4.135205
v -0.969361 0.410705 4.135205
v -1.565756 7.480884 -14.512951
v -1.032415 7.670261 -14.589070
v -1.565756 7.670261 -14.589070
v -1.032415 7.480884 -14.512951
v -1.848238 6.708765 -13.314662
v -0.000001 6.056612 -13.595423
v -0.000001 6.708765 -13.314662
v -1.859551 6.056612 -13.595423
v 1.848236 6.708765 -13.314662
v 1.859544 6.056619 -13.595423
v -1.569908 3.621700 -14.631650
v -1.036567 3.809438 -14.551567
v -1.569908 3.809438 -14.551567
v -1.036567 3.621700 -14.631650
v -1.391787 -1.327182 7.991424
v -0.858439 -1.403301 7.802047
v -1.391787 -1.403301 7.802047
v -0.858439 -1.327182 7.991424
v -1.569908 3.809438 -14.551567
v -1.036567 3.809438 -14.551567
v -1.569908 3.998815 -14.627686
v -1.036567 3.998815 -14.627686
v -1.565756 7.293153 -14.593034
v -1.032415 7.293153 -14.593034
v -1.565756 7.480884 -14.512951
v -1.032415 7.480884 -14.512951
v -1.391787 -1.403301 7.802047
v -0.858439 -1.403301 7.802047
v -1.391787 -1.591032 7.721958
v -0.858439 -1.591032 7.721958
vn -0.0003 -0.2956 0.9553
vn -0.0005 -0.2956 0.9553
vn -0.0000 -0.2956 0.9553
vn 0.0004 -0.7148 0.6993
vn 0.0005 -0.7149 0.6992
vn 0.0006 -0.7149 0.6992
vn 0.0006 -0.3922 0.9199
vn 0.0005 -0.3923 0.9199
vn 0.0003 -0.8782 0.4783
vn 0.0005 -0.8805 0.4741
vn 0.0005 -0.8782 0.4784
vn 0.0004 -0.8815 0.4722
vn 0.0005 -0.8815 0.4722
vn -0.0000 -0.8816 0.4720
vn -0.3053 0.7334 -0.6074
vn -0.5808 0.5075 -0.6365
vn -0.5586 0.5361 -0.6329
vn -0.7002 0.2302 -0.6758
vn -0.3231 0.7248 -0.6085
vn -0.7072 0.1833 -0.6828
vn -0.0002 0.7981 -0.6025
vn -0.6658 -0.1324 -0.7343
vn -0.0005 0.7980 -0.6026
vn -0.6471 -0.1753 -0.7419
vn 0.3159 0.7184 -0.6198
vn -0.4159 -0.4481 -0.7913
vn 0.2996 0.7267 -0.6182
vn -0.3901 -0.4653 -0.7945
vn 0.5622 0.5047 -0.6551
vn -0.0003 -0.5732 -0.8194
vn 0.5418 0.5312 -0.6514
vn -0.0015 -0.5731 -0.8195
vn 0.6826 0.1921 -0.7051
vn 0.3826 -0.4500 -0.8069
vn 0.6759 0.2351 -0.6985
vn 0.4070 -0.4323 -0.8047
vn 0.6444 -0.1158 -0.7559
vn 0.6277 -0.1568 -0.7625
vn -0.0034 0.2877 -0.9577
vn -0.0015 0.2859 -0.9583
vn -0.0103 0.2838 -0.9588
vn -0.0044 0.2877 -0.9577
vn -0.0093 0.2838 -0.9588
vn 0.0006 0.2889 -0.9574
vn 0.0005 0.2888 -0.9574
vn -0.0005 0.2888 -0.9574
vn 0.0034 0.2877 -0.9577
vn -0.0006 0.2889 -0.9574
vn 0.0015 0.2859 -0.9583
vn 0.0093 0.2839 -0.9588
vn 0.0103 0.2838 -0.9588
vn 0.0044 0.2877 -0.9577
vn -0.0005 0.3923 -0.9198
vn 0.0003 0.0104 -0.9999
vn -0.0004 0.0103 -0.9999
vn 0.0005 0.0103 -0.9999
vn -0.0003 0.0104 -0.9999
vn 0.0005 -0.3728 -0.9279
vn 0.0003 -0.3728 -0.9279
vn 0.0004 -0.3728 -0.9279
vn -0.0004 0.5761 -0.8174
vn -0.0005 0.5760 -0.8174
vn 0.0005 -0.9279 0.3728
vn 0.0006 -0.9279 0.3727
vn -0.0006 0.3923 -0.9199
vn -0.0003 0.3923 -0.9198
vn 0.0006 -0.5914 -0.8064
vn 0.0004 -0.5914 -0.8064
vn 0.0005 -0.5914 -0.8064
vn 0.0004 -0.0103 0.9999
vn 0.0005 -0.0102 0.9999
vn -0.0004 -0.0103 0.9999
vn 0.0005 -0.2820 -0.9594
vn -0.0000 -0.2818 -0.9595
vn 0.0003 -0.2819 -0.9594
vn 0.4529 0.3347 -0.8263
vn 0.4530 0.3346 -0.8263
vn -0.0000 -0.3729 -0.9279
vn 0.0004 -0.2232 0.9748
vn -0.0000 0.3445 0.9388
vn -0.0005 0.3446 0.9388
vn 0.0003 -0.2232 0.9748
vn -0.0000 0.7293 0.6842
vn -0.0005 0.7293 0.6842
vn 0.0007 -0.3922 0.9199
vn -0.4530 0.3346 -0.8263
vn -0.4529 0.3347 -0.8263
vn 0.8050 -0.3944 0.4432
vn 0.8050 -0.3944 0.4433
vn 0.0005 -0.9964 0.0845
vn 0.0004 -0.9964 0.0844
vn 0.0003 -0.9964 0.0843
vn -0.0000 0.3729 0.9279
vn -0.0005 0.3729 0.9279
vn -0.0003 0.3729 0.9279
vn -0.0000 0.3730 0.9278
vn -0.8050 -0.3944 0.4433
vn -0.8050 -0.3944 0.4432
vn 0.6369 -0.0084 0.7709
vn -0.6370 -0.0081 0.7708
vn -0.0004 0.4696 0.8829
vn -0.0005 0.4696 0.8829
vn -0.0006 0.4549 0.8905
vn -0.0005 0.4549 0.8906
vn -0.0004 0.4548 0.8906
vn -0.0005 0.1569 -0.9876
vn -0.0000 0.5163 -0.8564
vn 0.0005 0.1569 -0.9876
vn -0.0005 0.5164 -0.8564
vn 0.0004 -0.1852 -0.9827
vn -0.0000 0.3924 -0.9198
vn 0.0004 0.0103 -0.9999
vn 0.0004 -0.7761 0.6306
vn 0.0005 -0.7761 0.6306
vn -0.0005 0.9279 -0.3729
vn 0.0003 -0.3729 -0.9279
vn -0.0015 0.9437 0.3308
vn -0.0190 0.9995 0.0249
vn 0.0005 0.8604 0.5096
vn -0.0005 0.8604 0.5096
vn 0.0005 0.7363 0.6766
vn -0.0005 0.7363 0.6766
vn 0.0005 0.5399 0.8417
vn -0.0005 0.5399 0.8417
vn -0.0005 0.2927 0.9562
vn 0.0005 0.1794 0.9838
vn 0.0004 -0.3404 -0.9403
vn 0.0005 -0.3404 -0.9403
vn -0.0000 -0.0747 0.9972
vn -0.0000 -0.8530 0.5219
vn 0.0005 -0.0748 0.9972
vn 0.0005 -0.8530 0.5219
vn 0.0004 0.1675 0.9859
vn 0.0005 0.1676 0.9859
vn 0.7926 -0.6089 0.0327
vn 0.7925 -0.6089 0.0326
vn -0.0005 -0.9571 -0.2898
vn -0.0000 -0.9571 -0.2896
vn -0.7926 -0.6089 0.0327
vn -0.7925 -0.6089 0.0326
vn 0.8025 -0.4419 0.4009
vn 0.3632 0.7298 0.5792
vn 0.3631 0.7298 0.5792
vn 0.1578 0.7598 0.6307
vn -0.1579 0.7597 0.6308
vn -0.0003 0.9279 -0.3729
vn -0.0000 0.9279 -0.3729
vn -0.3632 0.7298 0.5792
vn 0.0003 0.8162 0.5778
vn 0.0004 0.8162 0.5778
vn -0.0004 0.8162 0.5778
vn -0.0003 0.8162 0.5778
vn -0.8024 -0.4420 0.4009
vn 0.0003 -0.9198 -0.3924
vn 0.0005 -0.9198 -0.3923
vn 0.0003 -0.9198 -0.3923
vn 0.8605 0.2370 0.4510
vn 0.8605 0.2370 0.4509
vn -0.0005 0.3416 0.9398
vn -0.0005 0.4979 0.8672
vn -0.0000 0.3417 0.9398
vn -0.0005 -0.0103 0.9999
vn 0.0005 -0.2614 0.9652
vn 0.0005 -0.2615 0.9652
vn 0.0004 -0.3814 0.9244
vn -0.8605 0.2370 0.4510
vn 0.4291 0.3069 0.8495
vn 0.4293 0.3072 0.8493
vn -0.0005 0.4811 0.8766
vn 0.0005 0.4811 0.8766
vn -0.0003 0.4608 0.8875
vn -0.0004 0.4607 0.8875
vn -0.0005 0.4960 0.8683
vn -0.0003 0.4960 0.8683
vn -0.4291 0.3069 0.8495
vn -0.4293 0.3073 0.8493
vn 0.0005 0.9999 0.0102
vn -0.0005 0.9999 0.0102
vn -0.0005 0.0103 -0.9999
vn 0.3504 0.9365 0.0099
vn 0.3503 0.9366 0.0103
vn -0.0005 0.9199 0.3922
vn -0.0003 0.9199 0.3923
vn 0.1909 0.9816 0.0102
vn 0.1905 0.9816 0.0103
vn 0.0003 -0.3923 0.9198
vn 0.0005 -0.3922 0.9199
vn -0.1905 0.9816 0.0103
vn -0.1910 0.9815 0.0102
vn -0.1909 0.9816 0.0102
vn -0.0006 0.9999 0.0102
vn 0.0006 0.9999 0.0102
vn -0.3504 0.9365 0.0098
vn -0.3503 0.9366 0.0103
vn -0.3504 0.9365 0.0099
vn 0.6395 0.7688 0.0081
vn 0.6397 0.7685 0.0084
vn 0.9065 0.4221 0.0044
vn 0.9067 0.4217 0.0043
vn 0.7111 0.7030 0.0074
vn -0.0006 0.9999 0.0101
vn -0.6395 0.7688 0.0081
vn 0.0485 -0.3289 -0.9431
vn 0.0503 -0.3286 -0.9431
vn 0.0513 -0.3286 -0.9431
vn -0.0005 -0.3112 -0.9503
vn 0.0005 -0.3042 -0.9526
vn 0.0005 -0.3024 -0.9532
vn 0.0005 -0.3103 -0.9506
vn -0.0005 -0.3024 -0.9532
vn -0.0005 -0.3041 -0.9526
vn 0.0005 -0.3112 -0.9503
vn -0.0503 -0.3286 -0.9431
vn -0.0485 -0.3289 -0.9431
vn -0.0513 -0.3286 -0.9431
vn -0.7111 0.7030 0.0074
vn 0.0004 -0.9999 -0.0103
vn 0.0005 -0.9998 -0.0182
vn -0.0000 -0.9998 -0.0182
vn 0.0003 -0.9999 -0.0104
vn 0.0005 -0.8474 -0.5309
vn -0.0000 -0.8474 -0.5310
vn -0.0923 -0.8250 -0.5575
vn 0.0923 -0.8250 -0.5575
vn -0.0913 -0.3423 -0.9351
vn 0.0913 -0.3423 -0.9351
vn 0.0005 -0.3258 -0.9454
vn 0.0034 -0.3259 -0.9454
vn 0.0034 -0.3258 -0.9454
vn -0.0034 -0.3259 -0.9454
vn -0.0034 -0.3258 -0.9454
vn -0.9065 0.4221 0.0044
vn 0.4301 -0.3013 -0.8510
vn 0.4304 -0.3014 -0.8508
vn 0.4305 -0.3014 -0.8508
vn 0.7801 -0.5261 -0.3386
vn 0.7968 -0.3766 -0.4725
vn 0.7908 -0.6012 -0.1149
vn 0.0923 -0.8251 -0.5574
vn 0.7805 -0.6251 -0.0074
vn 0.7809 -0.6247 -0.0066
vn 0.0913 -0.3423 -0.9352
vn 0.7809 -0.2036 -0.5906
vn 0.1226 0.9924 0.0100
vn 0.1227 0.9924 0.0104
vn 0.1226 0.9924 0.0101
vn 0.1159 0.9932 0.0101
vn 0.1158 0.9932 0.0102
vn 1.0000 -0.0003 0.0003
vn 0.0005 -0.2994 -0.9541
vn -0.0005 -0.2994 -0.9541
vn 0.0004 -0.2994 -0.9541
vn -0.0004 -0.2994 -0.9541
vn -0.1226 0.9924 0.0100
vn -0.1227 0.9924 0.0104
vn -0.1156 0.9932 0.0103
vn -0.1158 0.9932 0.0102
vn -0.1159 0.9932 0.0101
vn 1.0000 -0.0002 0.0002
vn 0.8777 -0.4791 -0.0054
vn 0.8777 -0.4792 -0.0053
vn 0.9986 0.0494 0.0170
vn 0.9986 0.0493 0.0170
vn -0.4305 -0.3014 -0.8508
vn -0.4301 -0.3013 -0.8510
vn -0.4305 -0.3015 -0.8508
vn 0.9164 -0.4003 -0.0044
vn 0.9164 -0.4002 -0.0045
vn 0.9984 0.0563 0.0006
vn 0.9252 -0.3793 -0.0044
vn 0.9252 -0.3794 -0.0045
vn 0.9252 -0.3794 -0.0046
vn 0.8840 -0.4675 -0.0046
vn 0.8839 -0.4676 -0.0045
vn 0.9995 -0.0180 0.0249
vn 0.9995 -0.0181 0.0248
vn 0.9995 -0.0180 0.0248
vn -0.0006 0.9279 -0.3728
vn -0.0003 1.0000 0.0064
vn 0.0005 0.8575 -0.5145
vn -0.0004 1.0000 0.0063
vn 0.0005 0.7954 -0.6060
vn 0.0005 0.7955 -0.6060
vn -0.0005 0.9761 -0.2173
vn 0.0005 0.9761 -0.2173
vn -0.0005 0.9701 0.2428
vn 0.0005 0.9701 0.2428
vn -0.0000 0.9786 0.2057
vn -0.0005 0.9786 0.2056
vn 0.0005 0.9932 -0.1168
vn -0.0005 0.9932 -0.1168
vn 0.0005 0.9377 -0.3475
vn 0.0006 0.8626 -0.5059
vn 0.0004 0.8626 -0.5058
vn -0.7801 -0.5261 -0.3386
vn -0.7805 -0.6251 -0.0074
vn -0.7908 -0.6012 -0.1148
vn -0.7809 -0.6246 -0.0066
vn -0.7968 -0.3766 -0.4725
vn -0.0913 -0.3423 -0.9352
vn -0.7809 -0.2036 -0.5906
vn -0.0191 0.9995 0.0248
vn -0.0298 0.9914 -0.1276
vn -0.9954 0.0963 0.0024
vn -0.9960 0.0894 0.0024
vn -0.9959 0.0904 0.0024
vn -0.9953 0.0973 0.0024
vn -1.0000 -0.0003 0.0003
vn -1.0000 -0.0004 0.0004
vn -0.9990 0.0445 0.0053
vn -0.8778 -0.4790 -0.0056
vn -0.8777 -0.4792 -0.0053
vn -0.8777 -0.4791 -0.0054
vn -1.0000 -0.0002 0.0002
vn -0.9999 -0.0122 0.0014
vn -0.9164 -0.4003 -0.0044
vn -0.9164 -0.4002 -0.0045
vn -0.9163 -0.4005 -0.0042
vn -0.9987 -0.0513 0.0034
vn -0.9987 -0.0512 0.0034
vn 0.8253 0.5615 -0.0602
vn 0.9906 0.1364 0.0053
vn 0.9898 0.1422 -0.0084
vn 0.9999 0.0054 0.0102
vn 0.8359 0.5477 0.0346
vn 1.0000 0.0015 0.0053
vn 1.0000 -0.0011 0.0041
vn 0.9959 0.0855 0.0298
vn 0.8385 0.5133 0.1831
vn 1.0000 -0.0002 0.0003
vn 0.9963 0.0739 0.0435
vn 0.8405 0.4635 0.2808
vn 0.9971 0.0562 0.0503
vn 0.8496 0.3855 0.3600
vn 1.0000 -0.0004 0.0003
vn 0.9968 0.0435 0.0669
vn 0.8564 0.2761 0.4362
vn 0.9958 0.0269 0.0874
vn 0.9951 0.0181 0.0972
vn 0.8642 0.1441 0.4821
vn 0.8654 0.0895 0.4930
vn -0.9984 0.0563 0.0006
vn -0.8839 -0.4676 -0.0045
vn -0.8840 -0.4675 -0.0046
vn -0.9252 -0.3793 -0.0044
vn -0.9252 -0.3794 -0.0046
vn -0.0003 0.9655 0.2603
vn -0.0005 0.9655 0.2602
vn -0.0000 -0.9198 -0.3924
vn 0.9881 0.1538 0.0016
vn 0.3230 -0.9464 -0.0103
vn 0.3229 -0.9464 -0.0103
vn 0.3229 -0.9464 -0.0102
vn 0.0003 -0.9279 0.3728
vn 0.9883 -0.0366 0.1480
vn 0.9945 -0.0523 0.0904
vn 0.9886 -0.0493 0.1421
vn 0.9945 -0.0425 0.0953
vn 0.9164 0.2920 0.2739
vn 0.9854 -0.0591 0.1597
vn 0.9855 -0.0601 0.1587
vn 0.9868 -0.0884 0.1354
vn 0.9870 -0.0893 0.1333
vn 0.9972 -0.0503 0.0562
vn 0.9902 -0.0669 0.1226
vn 0.9959 -0.0747 0.0502
vn 0.9991 -0.0327 0.0258
vn 0.9927 -0.0347 -0.1159
vn 0.9967 -0.0327 -0.0748
vn 0.9198 -0.0484 -0.3894
vn 0.9947 0.0474 0.0913
vn 0.9542 0.1360 0.2665
vn 0.9508 0.1450 0.2739
vn 0.9941 0.0509 0.0954
vn 0.9501 0.1471 0.2750
vn 0.9943 -0.0503 -0.0944
vn 0.9946 -0.0488 -0.0911
vn 0.9530 -0.1430 -0.2671
vn 0.9529 -0.1431 -0.2673
vn 0.9530 -0.1431 -0.2672
vn -0.3229 -0.9464 -0.0102
vn -0.3230 -0.9464 -0.0103
vn -0.3227 -0.9465 -0.0100
vn 0.4707 0.8823 0.0092
vn 0.2585 0.9660 0.0102
vn 0.2588 0.9659 0.0102
vn 0.4929 0.8700 0.0092
vn 0.7071 0.7071 0.0074
vn -0.8173 0.5731 -0.0592
vn -0.9906 0.1364 0.0053
vn -0.8281 0.5594 0.0366
vn -0.9898 0.1422 -0.0084
vn -0.9999 0.0054 0.0102
vn -0.9959 0.0856 0.0288
vn -1.0000 0.0015 0.0053
vn -1.0000 -0.0011 0.0041
vn -0.8350 0.5185 0.1841
vn -0.9963 0.0738 0.0435
vn -0.8405 0.4635 0.2808
vn -1.0000 -0.0002 0.0003
vn -0.9971 0.0563 0.0503
vn -0.8496 0.3855 0.3600
vn -0.9968 0.0435 0.0669
vn -0.8564 0.2761 0.4362
vn -0.9958 0.0269 0.0874
vn -0.9951 0.0181 0.0972
vn -0.8642 0.1441 0.4821
vn -0.8654 0.0895 0.4930
vn 1.0000 -0.0004 0.0004
vn -0.9881 0.1538 0.0016
vn 0.0005 -0.9999 -0.0103
vn -0.0006 0.3288 0.9444
vn -0.0005 0.3288 0.9444
vn -0.4707 0.8823 0.0092
vn -0.4929 0.8700 0.0092
vn -0.7071 0.7071 0.0074
vn -0.2584 0.9660 0.0102
vn -0.2588 0.9659 0.0102
vn -0.9883 -0.0366 0.1480
vn -0.9945 -0.0425 0.0952
vn -0.9164 0.2920 0.2739
vn -0.9945 -0.0523 0.0904
vn -0.9886 -0.0493 0.1421
vn -0.9854 -0.0591 0.1597
vn -0.9855 -0.0601 0.1587
vn -0.9868 -0.0884 0.1354
vn -0.9870 -0.0893 0.1333
vn -0.9972 -0.0503 0.0562
vn -0.9902 -0.0669 0.1226
vn -0.9959 -0.0747 0.0502
vn -0.9991 -0.0327 0.0258
vn -0.9927 -0.0347 -0.1159
vn -0.9967 -0.0327 -0.0748
vn -0.9198 -0.0484 -0.3894
vn -0.9946 -0.0483 -0.0914
vn -0.9943 -0.0505 -0.0942
vn -0.9941 0.0513 0.0952
vn -0.9530 -0.1430 -0.2671
vn -0.9529 -0.1431 -0.2673
vn -0.9947 0.0474 0.0913
vn -0.9508 0.1450 0.2739
vn -0.9542 0.1360 0.2665
vn -0.9501 0.1471 0.2750
vn -0.0004 0.9199 0.3922
vn 0.0006 -0.9279 0.3728
vn 0.9978 0.0659 0.0004
vn 0.9660 0.2585 0.0024
vn 0.9660 0.2586 0.0025
vn 0.9998 0.0191 0.0004
vn 0.9660 -0.2584 -0.0025
vn 0.9660 -0.2585 -0.0026
vn 0.7912 0.6007 0.1148
vn 0.7975 0.3932 0.4576
vn 0.7809 0.6247 0.0066
vn 0.7809 0.6246 0.0061
vn 0.7811 0.2057 0.5896
vn 0.7809 0.2056 0.5899
vn 0.1148 -0.9933 -0.0103
vn 0.1152 -0.9933 -0.0104
vn 0.1147 -0.9933 -0.0103
vn 0.1082 -0.9941 -0.0102
vn 0.1077 -0.9941 -0.0105
vn 0.1080 -0.9941 -0.0103
vn -0.1147 -0.9933 -0.0103
vn -0.1152 -0.9933 -0.0104
vn -0.1148 -0.9933 -0.0103
vn -0.1146 -0.9934 -0.0102
vn -0.1077 -0.9941 -0.0105
vn -0.1081 -0.9941 -0.0102
vn -0.1080 -0.9941 -0.0103
vn -0.0003 0.9198 0.3923
vn -0.7975 0.3932 0.4576
vn -0.7912 0.6007 0.1148
vn -0.7809 0.6246 0.0066
vn -0.7809 0.2056 0.5899
vn 0.7029 0.7059 -0.0875
vn -0.0003 0.7628 -0.6466
vn -0.0093 0.4274 0.9040
vn 0.0093 0.4274 0.9040
vn 0.8388 -0.2545 -0.4812
vn 0.8388 -0.2545 -0.4813
vn 0.0004 -0.9834 0.1812
vn 0.0005 -0.9834 0.1812
vn -0.0000 -0.9279 0.3729
vn -0.7029 0.7059 -0.0875
vn 0.4570 0.2958 0.8389
vn 0.4569 0.2958 0.8389
vn -0.9660 0.2586 0.0025
vn -0.9978 0.0660 0.0004
vn -0.9998 0.0191 0.0002
vn -0.8941 -0.4478 -0.0044
vn -0.8756 -0.4830 -0.0054
vn -0.5309 -0.8474 -0.0093
vn -0.5107 -0.8597 -0.0093
vn -0.2588 -0.9659 -0.0102
vn -0.2584 -0.9660 -0.0104
vn 0.0337 0.2946 0.9550
vn 0.0298 0.2947 0.9551
vn 0.0386 0.2946 0.9549
vn 0.0385 0.2945 0.9549
vn -0.0298 0.2947 0.9551
vn -0.0337 0.2946 0.9550
vn -0.0386 0.2946 0.9548
vn -0.0385 0.2945 0.9549
vn -0.0005 0.3033 0.9529
vn -0.0005 0.3112 0.9503
vn -0.0005 0.3104 0.9506
vn -0.0005 0.3025 0.9532
vn -0.0004 0.3104 0.9506
vn 0.0005 0.3104 0.9506
vn 0.0005 0.3025 0.9532
vn 0.0006 0.3104 0.9506
vn 0.0005 0.3033 0.9529
vn -0.0004 0.8419 0.5397
vn -0.0004 0.8418 0.5397
vn -0.0005 0.8418 0.5398
vn -0.8388 -0.2545 -0.4813
vn -0.8388 -0.2545 -0.4812
vn -0.4568 0.2955 0.8390
vn -0.4569 0.2958 0.8389
vn 0.5107 -0.8597 -0.0093
vn 0.2585 -0.9660 -0.0103
vn 0.2584 -0.9660 -0.0104
vn 0.5309 -0.8474 -0.0093
vn 0.7071 -0.7071 -0.0074
vn 0.0005 -0.8722 0.4891
vn 0.0004 -0.7624 0.6471
vn 0.0005 -0.9691 0.2468
vn 0.0005 -1.0000 0.0093
vn 0.0005 -1.0000 0.0092
vn 0.0004 -1.0000 -0.0083
vn 0.0005 -0.9997 0.0249
vn 0.0005 -0.9962 0.0874
vn 0.0004 -0.9962 0.0873
vn -0.0005 0.3180 0.9481
vn -0.0000 0.3181 0.9480
vn -0.0007 0.3180 0.9481
vn 0.7503 0.5977 -0.2826
vn -0.0003 0.9908 -0.1353
vn -0.0000 0.9908 -0.1354
vn -0.0005 0.9908 -0.1353
vn -0.7503 0.5977 -0.2826
vn -0.0007 0.3922 -0.9199
vn 0.0006 -0.9198 -0.3923
vn -0.0000 -0.0105 0.9999
vn -0.0005 -0.0102 0.9999
vn 0.0003 -0.0103 0.9999
vn 0.0003 -0.4633 -0.8862
vn 0.0005 -0.4633 -0.8862
vn 0.0006 -0.4633 -0.8862
vn 0.0006 0.9999 0.0101
vn 0.0005 -0.4722 -0.8815
vn 0.0005 -0.4978 -0.8673
vn -0.0000 -0.3416 -0.9399
vn -0.0005 -0.3416 -0.9399
vn 0.0005 0.2615 -0.9652
vn -0.0005 0.2615 -0.9652
vn -0.0006 0.3818 -0.9243
vn -0.0005 0.3817 -0.9243
vn -0.0000 0.3730 0.9279
vn 0.0005 0.9041 -0.4274
vn -0.0000 0.9040 -0.4274
vn 0.0003 0.9041 -0.4274
vn -0.0005 0.9041 -0.4274
vn -0.0003 0.9041 -0.4274
vn 0.0006 -0.3728 -0.9279
vn 0.0004 -0.3483 -0.9374
vn 0.0006 -0.3482 -0.9374
vn 0.0005 -0.3482 -0.9374
vn 0.0005 0.1383 0.9904
vn -0.0005 -0.4715 0.8819
vn 0.0004 -0.4714 0.8819
vn -0.0004 -0.4714 0.8819
vn -0.0003 -0.4713 0.8820
vn 0.0003 -0.4713 0.8820
vn -0.0003 -0.3952 0.9186
vn -0.0005 -0.3951 0.9186
vn -0.0004 -0.3952 0.9186
vn -0.0005 -0.3951 0.9187
vn 0.0004 -0.3952 0.9186
vn -0.0000 -0.3954 0.9185
vt 0.129225 0.595489
vt 0.087242 0.595495
vt 0.126892 0.585332
vt 0.089573 0.585337
vt 0.126633 0.608762
vt 0.126640 0.675645
vt 0.085222 0.675650
vt 0.085215 0.608766
vt 0.168057 0.675641
vt 0.168050 0.608757
vt 0.719969 0.092979
vt 0.719965 0.068607
vt 0.729296 0.092977
vt 0.729292 0.068605
vt 0.063767 0.242879
vt 0.079285 0.290048
vt 0.017201 0.290045
vt 0.032726 0.242877
vt 0.017198 0.344906
vt 0.079281 0.344910
vt 0.063719 0.393911
vt 0.032754 0.393908
vt 0.428596 0.436783
vt 0.419434 0.448742
vt 0.417326 0.446824
vt 0.412321 0.461341
vt 0.429651 0.439432
vt 0.415077 0.462090
vt 0.443152 0.433818
vt 0.414927 0.476613
vt 0.442961 0.436669
vt 0.417686 0.475898
vt 0.455787 0.441198
vt 0.424612 0.488615
vt 0.457220 0.438667
vt 0.426503 0.486498
vt 0.464666 0.451818
vt 0.438994 0.493926
vt 0.467099 0.450161
vt 0.439204 0.491056
vt 0.467172 0.465683
vt 0.452441 0.488337
vt 0.470111 0.465320
vt 0.454038 0.490753
vt 0.465394 0.480189
vt 0.462678 0.479051
vt 0.231917 0.094484
vt 0.232730 0.184793
vt 0.217283 0.184818
vt 0.212192 0.094484
vt 0.233424 0.201144
vt 0.252030 0.125842
vt 0.241673 0.136127
vt 0.237797 0.150194
vt 0.266158 0.122057
vt 0.300399 0.094484
vt 0.241434 0.164390
vt 0.251778 0.174952
vt 0.266158 0.178892
vt 0.280322 0.125784
vt 0.290751 0.136069
vt 0.294668 0.150194
vt 0.299586 0.184793
vt 0.291006 0.164456
vt 0.298892 0.201144
vt 0.280585 0.175026
vt 0.315033 0.184818
vt 0.320124 0.094484
vt 0.757276 0.092973
vt 0.757273 0.068601
vt 0.766603 0.092972
vt 0.766599 0.068600
vt 0.207890 0.430800
vt 0.221078 0.453642
vt 0.198236 0.440454
vt 0.194702 0.453642
vt 0.221078 0.427266
vt 0.198236 0.466830
vt 0.234266 0.430800
vt 0.207890 0.476484
vt 0.243920 0.440454
vt 0.221078 0.480018
vt 0.247454 0.453642
vt 0.234266 0.476484
vt 0.243920 0.466830
vt 0.686954 0.037498
vt 0.686950 0.013126
vt 0.696281 0.037497
vt 0.696277 0.013125
vt 0.407069 0.182803
vt 0.387385 0.206975
vt 0.383610 0.182799
vt 0.403287 0.206976
vt 0.785257 0.092969
vt 0.785253 0.068597
vt 0.794583 0.092968
vt 0.794580 0.068595
vt 0.677627 0.037500
vt 0.677623 0.013127
vt 0.229874 0.051337
vt 0.302442 0.051337
vt 0.731197 0.394392
vt 0.759302 0.427620
vt 0.731197 0.427620
vt 0.759302 0.394392
vt 0.759302 0.361165
vt 0.731197 0.361165
vt 0.863810 0.716835
vt 0.852422 0.749246
vt 0.852422 0.716835
vt 0.863810 0.749810
vt 0.852422 0.684425
vt 0.872209 0.748965
vt 0.863810 0.683861
vt 0.872209 0.716835
vt 0.872209 0.684706
vt 0.569923 0.237644
vt 0.560763 0.277290
vt 0.560763 0.238637
vt 0.569923 0.278423
vt 0.775926 0.068598
vt 0.775930 0.092970
vt 0.745753 0.948681
vt 0.756189 0.927623
vt 0.756189 0.948681
vt 0.745753 0.927622
vt 0.768875 0.948682
vt 0.768875 0.927623
vt 0.182104 0.761095
vt 0.203005 0.811232
vt 0.241941 0.804812
vt 0.172837 0.783048
vt 0.126647 0.746445
vt 0.085230 0.746449
vt 0.168065 0.746440
vt 0.640320 0.037505
vt 0.640316 0.013133
vt 0.649647 0.037504
vt 0.649643 0.013132
vt 0.738623 0.092976
vt 0.738619 0.068604
vt 0.731197 0.453967
vt 0.658974 0.037502
vt 0.658970 0.013130
vt 0.731197 0.334818
vt 0.043969 0.403301
vt 0.080719 0.573936
vt 0.043989 0.573940
vt 0.080700 0.403297
vt 0.007258 0.573944
vt 0.007239 0.403305
vt 0.089549 0.415254
vt 0.126869 0.415249
vt 0.180493 0.690698
vt 0.191116 0.737899
vt 0.180494 0.748906
vt 0.191116 0.701705
vt 0.175799 0.748906
vt 0.175798 0.690698
vt 0.837714 0.037500
vt 0.837710 0.013127
vt 0.847041 0.037498
vt 0.847037 0.013126
vt 0.929199 0.173374
vt 0.878414 0.261213
vt 0.878404 0.195585
vt 0.929217 0.283408
vt 0.580665 0.522152
vt 0.547438 0.500381
vt 0.580665 0.500381
vt 0.546320 0.522152
vt 0.613893 0.500381
vt 0.615010 0.522152
vt 0.680802 0.556054
vt 0.669415 0.588183
vt 0.669415 0.556054
vt 0.680802 0.588183
vt 0.680802 0.523925
vt 0.669415 0.523925
vt 0.747949 0.092975
vt 0.747946 0.068603
vt 0.856364 0.013125
vt 0.856368 0.037497
vt 0.720504 0.345806
vt 0.658365 0.310982
vt 0.720509 0.310993
vt 0.658359 0.345795
vt 0.658353 0.381144
vt 0.720498 0.381154
vt 0.658348 0.412746
vt 0.720493 0.412756
vt 0.658343 0.443187
vt 0.720488 0.443197
vt 0.720482 0.475609
vt 0.658338 0.475599
vt 0.658331 0.517188
vt 0.720475 0.517198
vt 0.634400 0.588183
vt 0.634400 0.556054
vt 0.634400 0.523925
vt 0.229012 0.884258
vt 0.254670 0.852911
vt 0.254670 0.884258
vt 0.229012 0.852911
vt 0.229012 0.928255
vt 0.254670 0.928255
vt 0.101231 0.756796
vt 0.128954 0.784061
vt 0.173124 0.425709
vt 0.135843 0.425714
vt 0.175401 0.415561
vt 0.133563 0.415567
vt 0.277186 0.988045
vt 0.259103 0.966273
vt 0.305291 0.966273
vt 0.434088 0.784786
vt 0.447300 0.909033
vt 0.420953 0.887262
vt 0.420953 0.781449
vt 0.420953 0.762296
vt 0.540102 0.781449
vt 0.526967 0.784786
vt 0.540102 0.762296
vt 0.828387 0.037501
vt 0.828384 0.013129
vt 0.513755 0.909033
vt 0.540102 0.887262
vt 0.480527 0.784786
vt 0.480527 0.909033
vt 0.480527 0.762296
vt 0.705604 0.013123
vt 0.705607 0.037495
vt 0.131161 0.959789
vt 0.157557 0.991142
vt 0.911551 0.554551
vt 0.888690 0.531346
vt 0.911551 0.531346
vt 0.888690 0.554551
vt 0.911551 0.572765
vt 0.888690 0.572765
vt 0.911551 0.590685
vt 0.888690 0.590685
vt 0.911551 0.610105
vt 0.888690 0.610105
vt 0.714931 0.013122
vt 0.714934 0.037494
vt 0.580396 0.237644
vt 0.571236 0.277361
vt 0.571236 0.238707
vt 0.580396 0.278423
vt 0.193134 0.594857
vt 0.193141 0.690574
vt 0.176078 0.612958
vt 0.176083 0.672476
vt 0.201907 0.594857
vt 0.201913 0.690573
vt 0.865695 0.037495
vt 0.865691 0.013123
vt 0.856827 0.911044
vt 0.871406 0.911044
vt 0.856827 0.929730
vt 0.871406 0.929730
vt 0.871406 0.948417
vt 0.856827 0.948417
vt 0.827446 0.951795
vt 0.837646 0.970482
vt 0.827446 0.970482
vt 0.837646 0.951795
vt 0.827446 0.989168
vt 0.837646 0.989168
vt 0.802281 0.678545
vt 0.766980 0.695723
vt 0.764951 0.678545
vt 0.804309 0.695720
vt 0.668300 0.037501
vt 0.668297 0.013129
vt 0.800164 0.660625
vt 0.763577 0.660625
vt 0.800164 0.615343
vt 0.764951 0.597423
vt 0.802281 0.597423
vt 0.763577 0.615343
vt 0.763577 0.637984
vt 0.775572 0.656670
vt 0.775572 0.637984
vt 0.790152 0.656670
vt 0.775572 0.619297
vt 0.800164 0.637984
vt 0.790152 0.637984
vt 0.790152 0.619297
vt 0.766980 0.580247
vt 0.804309 0.580245
vt 0.660800 0.602313
vt 0.660768 0.889511
vt 0.637840 0.897320
vt 0.637874 0.593680
vt 0.771098 0.707883
vt 0.808427 0.707876
vt 0.070651 0.056385
vt 0.070651 0.190368
vt 0.054325 0.185541
vt 0.054325 0.047887
vt 0.718733 0.889517
vt 0.718766 0.602319
vt 0.246214 0.239479
vt 0.246214 0.349727
vt 0.225209 0.349727
vt 0.225209 0.212073
vt 0.269671 0.239479
vt 0.290676 0.212073
vt 0.290676 0.349727
vt 0.269671 0.349727
vt 0.741659 0.897332
vt 0.741694 0.593691
vt 0.435987 0.072812
vt 0.433405 0.062298
vt 0.435987 0.062298
vt 0.433405 0.078836
vt 0.433405 0.007668
vt 0.435987 0.006788
vt 0.476209 0.082941
vt 0.437227 0.087045
vt 0.448825 0.091384
vt 0.476209 0.088996
vt 0.476209 0.072812
vt 0.503594 0.091384
vt 0.516432 0.072812
vt 0.515191 0.087045
vt 0.519014 0.078836
vt 0.519014 0.062298
vt 0.516432 0.062298
vt 0.519014 0.007668
vt 0.516432 0.006788
vt 0.931533 0.668638
vt 0.931501 0.828249
vt 0.883432 0.828247
vt 0.883464 0.668636
vt 0.883431 0.833196
vt 0.931500 0.833199
vt 0.931485 0.913368
vt 0.883416 0.913366
vt 0.931484 0.918550
vt 0.883415 0.918548
vt 0.931469 0.992007
vt 0.883400 0.992005
vt 0.460923 0.093732
vt 0.476209 0.093732
vt 0.491495 0.093732
vt 0.771095 0.568089
vt 0.808424 0.568086
vt 0.595558 0.184880
vt 0.563429 0.107170
vt 0.595558 0.107170
vt 0.563429 0.184880
vt 0.627687 0.184880
vt 0.627687 0.107170
vt 0.563429 0.087891
vt 0.627687 0.087891
vt 0.595558 0.087891
vt 0.563429 0.059152
vt 0.627687 0.059152
vt 0.595558 0.059152
vt 0.480527 0.500381
vt 0.480527 0.579017
vt 0.420953 0.500381
vt 0.420953 0.579017
vt 0.540102 0.500381
vt 0.540102 0.579017
vt 0.561439 0.232959
vt 0.570600 0.193244
vt 0.570600 0.234023
vt 0.561439 0.194306
vt 0.991798 0.491900
vt 0.946240 0.419008
vt 0.990335 0.494455
vt 0.949228 0.419020
vt 0.993171 0.496755
vt 0.990427 0.666116
vt 0.993171 0.666116
vt 0.945382 0.415658
vt 0.874122 0.390971
vt 0.874680 0.387972
vt 0.439238 0.290034
vt 0.448398 0.119077
vt 0.448398 0.285479
vt 0.439237 0.114481
vt 0.499387 0.297302
vt 0.499386 0.119181
vt 0.508548 0.292266
vt 0.508547 0.123429
vt 0.809127 0.813286
vt 0.816288 0.732371
vt 0.842256 0.813280
vt 0.779935 0.732377
vt 0.810683 0.394392
vt 0.764495 0.428737
vt 0.764495 0.394392
vt 0.810683 0.453967
vt 0.764495 0.360047
vt 0.810683 0.334818
vt 0.487051 0.104988
vt 0.487052 0.300683
vt 0.547201 0.278120
vt 0.547200 0.109002
vt 0.391331 0.402726
vt 0.406904 0.362225
vt 0.406904 0.397973
vt 0.391331 0.355713
vt 0.406904 0.542063
vt 0.391331 0.547676
vt 0.370216 0.409170
vt 0.309113 0.577310
vt 0.305291 0.433478
vt 0.305291 0.594746
vt 0.309113 0.610693
vt 0.391331 0.860461
vt 0.391331 0.650490
vt 0.391331 0.584377
vt 0.406904 0.841308
vt 0.406904 0.579392
vt 0.406904 0.658029
vt 0.259103 0.609761
vt 0.406904 0.308937
vt 0.391331 0.313690
vt 0.857225 0.319221
vt 0.819724 0.377123
vt 0.819703 0.319235
vt 0.857246 0.377109
vt 0.937209 0.316683
vt 0.902712 0.379661
vt 0.902722 0.316678
vt 0.937200 0.379666
vt 0.160985 0.042788
vt 0.160985 0.216401
vt 0.630501 0.595151
vt 0.630466 0.901635
vt 0.546320 0.878664
vt 0.580665 0.878664
vt 0.615010 0.878664
vt 0.204133 0.184033
vt 0.204133 0.042788
vt 0.623098 0.414226
vt 0.480889 0.463062
vt 0.480885 0.414237
vt 0.623102 0.463051
vt 0.370216 0.346885
vt 0.370216 0.320134
vt 0.501798 0.919774
vt 0.508984 0.941103
vt 0.501799 0.938971
vt 0.508982 0.917641
vt 0.521224 0.916301
vt 0.521227 0.942441
vt 0.532024 0.915294
vt 0.532027 0.943447
vt 0.546045 0.944995
vt 0.546042 0.913743
vt 0.555589 0.912094
vt 0.555591 0.946643
vt 0.569057 0.946642
vt 0.569054 0.912093
vt 0.586021 0.946641
vt 0.586019 0.912091
vt 0.603556 0.938963
vt 0.603554 0.919766
vt 0.045240 0.959789
vt 0.993171 0.496759
vt 0.949228 0.419019
vt 0.945384 0.415659
vt 0.720516 0.269644
vt 0.658372 0.269634
vt 0.623094 0.366884
vt 0.480881 0.366896
vt 0.406904 0.362224
vt 0.809101 0.462677
vt 0.816280 0.543590
vt 0.779927 0.543592
vt 0.842229 0.462675
vt 0.772555 0.046088
vt 0.757150 0.052366
vt 0.757274 0.030632
vt 0.741818 0.045913
vt 0.779008 0.030756
vt 0.735540 0.030508
vt 0.772730 0.015352
vt 0.741994 0.015176
vt 0.757399 0.008898
vt 0.406904 0.658028
vt 0.391330 0.860461
vt 0.366972 0.404751
vt 0.294404 0.263505
vt 0.366972 0.263505
vt 0.294404 0.404751
vt 0.692906 0.088423
vt 0.677501 0.094702
vt 0.677625 0.072967
vt 0.662169 0.088248
vt 0.699359 0.073092
vt 0.655891 0.072843
vt 0.693081 0.057687
vt 0.662345 0.057511
vt 0.677749 0.051233
vt 0.860457 0.377116
vt 0.897978 0.319227
vt 0.897979 0.377115
vt 0.860456 0.319228
vt 0.870882 0.228737
vt 0.832995 0.229393
vt 0.869957 0.221879
vt 0.854084 0.185164
vt 0.832491 0.236471
vt 0.823020 0.192230
vt 0.819913 0.121742
vt 0.801025 0.231335
vt 0.799510 0.237682
vt 0.784817 0.175159
vt 0.769759 0.224528
vt 0.766747 0.230507
vt 0.742971 0.213668
vt 0.738932 0.219239
vt 0.756653 0.153914
vt 0.744032 0.135306
vt 0.720427 0.197592
vt 0.715445 0.202340
vt 0.702038 0.175126
vt 0.686316 0.141344
vt 0.695799 0.178620
vt 0.679127 0.142891
vt 0.480877 0.318071
vt 0.623091 0.318059
vt 0.852993 0.088423
vt 0.837588 0.094702
vt 0.837712 0.072967
vt 0.822256 0.088248
vt 0.859446 0.073092
vt 0.815978 0.072843
vt 0.853168 0.057687
vt 0.822432 0.057511
vt 0.837836 0.051233
vt 0.749067 0.595164
vt 0.749032 0.901648
vt 0.407095 0.302048
vt 0.383577 0.302048
vt 0.360282 0.195031
vt 0.844107 0.985433
vt 0.844107 0.952305
vt 0.847931 0.985178
vt 0.847931 0.951795
vt 0.595960 0.992322
vt 0.613103 0.971690
vt 0.604995 0.964914
vt 0.615639 0.982912
vt 0.604965 0.992357
vt 0.584768 0.982213
vt 0.593946 0.960778
vt 0.582881 0.958964
vt 0.573432 0.975087
vt 0.542910 0.959308
vt 0.555866 0.974815
vt 0.545454 0.980493
vt 0.528579 0.980610
vt 0.508758 0.958899
vt 0.507903 0.975836
vt 0.489943 0.963635
vt 0.493533 0.955542
vt 0.968474 0.508095
vt 0.968474 0.666116
vt 0.930389 0.442498
vt 0.868644 0.420396
vt 0.219972 0.334148
vt 0.220000 0.390004
vt 0.098165 0.387762
vt 0.092703 0.334207
vt 0.093050 0.382323
vt 0.092678 0.281046
vt 0.219948 0.280987
vt 0.097798 0.225826
vt 0.092655 0.231227
vt 0.219922 0.225769
vt 0.857829 0.952305
vt 0.857829 0.985433
vt 0.854004 0.985178
vt 0.854004 0.951795
vt 0.805968 0.973387
vt 0.816168 0.987966
vt 0.805968 0.987966
vt 0.816168 0.973387
vt 0.010199 0.144771
vt 0.044748 0.157959
vt 0.009139 0.157959
vt 0.044748 0.144771
vt 0.013112 0.135117
vt 0.044748 0.135117
vt 0.898222 0.501559
vt 0.901937 0.524764
vt 0.888285 0.501559
vt 0.911874 0.524764
vt 0.896314 0.483345
vt 0.886377 0.483345
vt 0.888285 0.465425
vt 0.898222 0.465425
vt 0.896066 0.446005
vt 0.906002 0.446005
vt 0.271772 0.482082
vt 0.294477 0.501890
vt 0.282345 0.427970
vt 0.283805 0.578460
vt 0.240425 0.494881
vt 0.196428 0.486946
vt 0.261897 0.603763
vt 0.430390 0.195031
vt 0.679847 0.227306
vt 0.592874 0.259435
vt 0.592874 0.227306
vt 0.679847 0.259435
vt 0.592874 0.195177
vt 0.679847 0.195177
vt 0.940418 0.933716
vt 0.987246 0.933709
vt 0.940454 0.994445
vt 0.987281 0.994439
vt 0.860473 0.828466
vt 0.785122 0.828466
vt 0.852302 0.865997
vt 0.797007 0.865997
vt 0.809962 0.907531
vt 0.781408 0.907531
vt 0.010199 0.171147
vt 0.044748 0.171147
vt 0.013112 0.180801
vt 0.044748 0.180801
vt 0.219962 0.280997
vt 0.092693 0.280975
vt 0.092684 0.334136
vt 0.097848 0.225759
vt 0.092702 0.231157
vt 0.219972 0.225780
vt 0.219953 0.334158
vt 0.098112 0.387695
vt 0.219945 0.390014
vt 0.093000 0.382253
vt 0.819061 0.037502
vt 0.819057 0.013130
vt 0.799672 0.973387
vt 0.799672 0.987966
vt 0.789472 0.987966
vt 0.789472 0.973387
vt 0.883862 0.501559
vt 0.870210 0.524764
vt 0.873925 0.501559
vt 0.860273 0.524764
vt 0.875833 0.483345
vt 0.885771 0.483345
vt 0.883862 0.465425
vt 0.873925 0.465425
vt 0.876082 0.446005
vt 0.866145 0.446005
vt 0.283805 0.578461
vt 0.017091 0.121929
vt 0.044748 0.121929
vt 0.021044 0.108741
vt 0.044747 0.108741
vt 0.928793 0.444880
vt 0.965731 0.508194
vt 0.965731 0.666116
vt 0.868085 0.423398
vt 0.948166 0.401029
vt 0.948147 0.286334
vt 0.985604 0.286327
vt 0.985624 0.401023
vt 0.556361 0.103961
vt 0.556361 0.282378
vt 0.496212 0.099617
vt 0.496212 0.306073
vt 0.131130 0.973892
vt 0.007595 0.973892
vt 0.197077 0.968167
vt 0.222380 0.968167
vt 0.222380 0.993825
vt 0.197077 0.993825
vt 0.381656 0.014356
vt 0.366370 0.009619
vt 0.381656 0.009619
vt 0.354271 0.011968
vt 0.409041 0.011968
vt 0.396942 0.009619
vt 0.252268 0.936174
vt 0.252268 0.990286
vt 0.226610 0.990286
vt 0.226610 0.936174
vt 0.875021 0.037494
vt 0.875018 0.013122
vt 0.849621 0.716271
vt 0.835194 0.748597
vt 0.835194 0.716271
vt 0.849621 0.748681
vt 0.835194 0.683945
vt 0.849621 0.683861
vt 0.581072 0.234023
vt 0.571912 0.194376
vt 0.581072 0.193244
vt 0.571912 0.233030
vt 0.017091 0.193989
vt 0.044748 0.193989
vt 0.021044 0.207177
vt 0.044748 0.207177
vt 0.023938 0.216832
vt 0.044747 0.216831
vt 0.025008 0.230020
vt 0.044748 0.230019
vt 0.341434 0.041054
vt 0.341434 0.096564
vt 0.338852 0.095683
vt 0.338852 0.041054
vt 0.341434 0.030539
vt 0.338852 0.024515
vt 0.421878 0.096564
vt 0.421878 0.041054
vt 0.424460 0.095683
vt 0.424460 0.041054
vt 0.421878 0.030539
vt 0.424460 0.024515
vt 0.342674 0.016306
vt 0.381656 0.020411
vt 0.381656 0.030539
vt 0.420638 0.016306
vt 0.940378 0.865890
vt 0.987206 0.865884
vt 0.044747 0.099086
vt 0.025007 0.085899
vt 0.044747 0.085898
vt 0.023938 0.099087
vt 0.410972 0.357234
vt 0.436326 0.389364
vt 0.410972 0.389364
vt 0.436326 0.357234
vt 0.436326 0.421493
vt 0.410972 0.421493
vt 0.736358 0.948681
vt 0.736359 0.927622
vt 0.725983 0.950016
vt 0.725983 0.926287
vt 0.716159 0.951019
vt 0.716160 0.925283
vt 0.681173 0.920530
vt 0.681172 0.955770
vt 0.651278 0.919200
vt 0.651277 0.957099
vt 0.637609 0.923004
vt 0.637604 0.953294
vt 0.356766 0.049352
vt 0.406126 0.138313
vt 0.354693 0.162840
vt 0.407269 0.075742
vt 0.027293 0.859510
vt 0.027299 0.800554
vt 0.049916 0.800556
vt 0.049910 0.859513
vt 0.004682 0.800552
vt 0.004676 0.859508
vt 0.841433 0.929730
vt 0.841433 0.911044
vt 0.851634 0.911044
vt 0.851634 0.929730
vt 0.841433 0.948417
vt 0.851634 0.948417
vt 0.040643 0.776634
vt 0.040667 0.583572
vt 0.076581 0.583576
vt 0.076557 0.776638
vt 0.004753 0.583567
vt 0.004729 0.776629
vt 0.987121 0.720894
vt 0.940293 0.720901
vt 0.135866 0.596001
vt 0.173148 0.595996
vt 0.887950 0.610105
vt 0.865088 0.586900
vt 0.887950 0.586900
vt 0.865088 0.610105
vt 0.865088 0.568686
vt 0.887950 0.568686
vt 0.887950 0.550766
vt 0.865088 0.550766
vt 0.887950 0.531346
vt 0.865088 0.531346
vt 0.809734 0.037504
vt 0.809730 0.013132
vt 0.027300 0.785069
vt 0.049917 0.785071
vt 0.004683 0.785067
vt 0.800407 0.037505
vt 0.800403 0.013133
vt 0.622595 0.957906
vt 0.622604 0.918385
vt 0.934498 0.173382
vt 0.985311 0.261204
vt 0.934516 0.283416
vt 0.985300 0.195577
vt 0.263289 0.406494
vt 0.230300 0.377516
vt 0.261656 0.377516
vt 0.228667 0.406494
vt 0.257617 0.420335
vt 0.234339 0.420335
vt 0.242216 0.372279
vt 0.235478 0.372279
vt 0.249741 0.372279
vt 0.256479 0.372279
vt 0.693033 0.521214
vt 0.704420 0.553344
vt 0.693033 0.553344
vt 0.704420 0.521018
vt 0.693033 0.585473
vt 0.704420 0.585669
s 1
f 1/1/1 2/2/2 3/3/2
f 3/3/2 2/2/2 4/4/3
f 5/5/4 6/6/5 7/7/6
f 5/5/4 7/7/6 8/8/6
f 6/6/5 5/5/4 9/9/5
f 10/10/6 9/9/5 5/5/4
f 11/11/7 12/12/8 13/13/8
f 13/13/8 12/12/8 14/14/7
f 15/15/9 16/16/10 17/17/10
f 15/15/9 17/17/10 18/18/11
f 16/16/10 19/19/12 17/17/10
f 16/16/10 20/20/12 19/19/12
f 20/20/12 21/21/13 19/19/12
f 21/21/13 22/22/14 19/19/12
f 23/23/15 24/24/16 25/25/17
f 24/24/16 26/26/18 25/25/17
f 24/24/16 23/23/15 27/27/19
f 26/26/18 24/24/16 28/28/20
f 29/29/21 27/27/19 23/23/15
f 28/28/20 30/30/22 26/26/18
f 31/31/23 27/27/19 29/29/21
f 30/30/22 28/28/20 32/32/24
f 29/29/21 33/33/25 31/31/23
f 32/32/24 34/34/26 30/30/22
f 33/33/25 29/29/21 35/35/27
f 34/34/26 32/32/24 36/36/28
f 35/35/27 37/37/29 33/33/25
f 36/36/28 38/38/30 34/34/26
f 37/37/29 35/35/27 39/39/31
f 38/38/30 36/36/28 40/40/32
f 39/39/31 41/41/33 37/37/29
f 42/42/34 38/38/30 40/40/32
f 41/41/33 39/39/31 43/43/35
f 44/44/36 38/38/30 42/42/34
f 45/45/37 41/41/33 43/43/35
f 46/46/38 44/44/36 42/42/34
f 46/46/38 41/41/33 45/45/37
f 44/44/36 46/46/38 45/45/37
f 47/47/39 48/48/40 49/49/41
f 47/47/39 49/49/41 50/50/42
f 49/49/41 48/48/40 51/51/43
f 52/52/44 53/53/45 47/47/39
f 47/47/39 53/53/45 54/54/46
f 55/55/46 52/52/44 47/47/39
f 48/48/40 47/47/39 54/54/46
f 56/56/47 55/55/46 47/47/39
f 57/57/45 48/48/40 54/54/46
f 58/58/46 48/48/40 57/57/45
f 59/59/48 48/48/40 58/58/46
f 55/55/46 56/56/47 60/60/44
f 60/60/44 56/56/47 61/61/48
f 62/62/45 61/61/48 56/56/47
f 48/48/40 59/59/48 63/63/49
f 63/63/49 62/62/45 56/56/47
f 63/63/49 51/51/43 48/48/40
f 64/64/48 62/62/45 63/63/49
f 65/65/50 51/51/43 63/63/49
f 66/66/46 64/64/48 63/63/49
f 59/59/48 66/66/46 63/63/49
f 65/65/50 63/63/49 67/67/51
f 56/56/47 67/67/51 63/63/49
f 67/67/51 56/56/47 68/68/52
f 69/69/53 70/70/53 71/71/53
f 71/71/53 70/70/53 72/72/53
f 73/73/54 74/74/55 75/75/54
f 75/75/54 74/74/55 76/76/56
f 77/77/54 74/74/55 73/73/54
f 76/76/56 74/74/55 78/78/54
f 79/79/57 74/74/55 77/77/54
f 78/78/54 74/74/55 80/80/57
f 81/81/55 74/74/55 79/79/57
f 80/80/57 74/74/55 82/82/57
f 83/83/54 74/74/55 81/81/55
f 82/82/57 74/74/55 84/84/54
f 85/85/57 74/74/55 83/83/54
f 84/84/54 74/74/55 85/85/57
f 86/86/58 87/87/59 88/88/60
f 88/88/60 87/87/59 89/89/60
f 90/90/61 91/91/62 92/92/62
f 91/91/62 90/90/61 93/93/61
f 94/94/63 95/95/63 96/96/64
f 96/96/64 95/95/63 97/97/63
f 98/98/53 99/87/65 100/86/66
f 99/87/65 98/98/53 101/99/53
f 102/50/67 103/100/67 104/47/68
f 103/100/67 105/56/69 104/47/68
f 105/56/69 103/100/67 106/101/69
f 106/101/69 107/68/69 105/56/69
f 108/102/70 109/103/70 110/104/71
f 109/103/70 108/102/70 111/105/71
f 108/102/70 112/106/72 111/105/71
f 112/106/72 108/102/70 113/107/72
f 114/108/73 115/109/74 116/110/75
f 115/109/74 114/108/73 117/111/73
f 118/112/73 114/108/73 116/110/75
f 114/108/73 119/113/75 117/111/73
f 120/114/74 114/108/73 118/112/73
f 119/113/75 114/108/73 121/115/73
f 122/116/75 114/108/73 120/114/74
f 114/108/73 122/116/75 121/115/73
f 123/117/76 124/118/77 125/119/76
f 124/118/77 123/117/76 126/120/76
f 127/71/60 128/121/60 129/122/58
f 128/121/60 127/71/60 130/72/78
f 131/123/79 132/124/80 133/125/81
f 132/124/80 131/123/79 134/126/82
f 133/125/81 132/124/80 135/127/83
f 135/127/83 132/124/80 136/128/84
f 137/11/85 138/12/7 139/13/8
f 139/13/8 138/12/7 140/14/85
f 141/118/86 142/117/87 143/119/87
f 142/117/87 141/118/86 144/120/86
f 145/129/88 146/130/88 147/131/88
f 146/130/88 145/129/88 148/132/89
f 149/6/90 150/133/91 151/134/91
f 149/6/90 151/134/91 152/7/92
f 150/133/91 149/6/90 153/135/90
f 154/9/92 153/135/90 149/6/90
f 155/136/7 156/137/7 157/138/85
f 157/138/85 156/137/7 158/139/8
f 159/13/93 160/14/94 161/140/95
f 161/140/95 160/14/94 162/141/96
f 163/130/97 164/129/98 165/131/98
f 164/129/98 163/130/97 166/132/97
f 167/103/99 168/142/99 169/104/99
f 170/138/94 171/139/95 172/143/95
f 172/143/95 171/139/95 173/144/95
f 174/106/100 175/107/100 176/145/100
f 177/146/101 178/147/101 179/148/102
f 178/147/101 177/146/101 180/149/102
f 181/150/102 177/146/101 179/148/102
f 177/146/101 181/150/102 182/151/102
f 183/3/103 184/152/104 185/153/105
f 184/152/104 183/3/103 186/4/104
f 187/154/106 188/155/107 189/156/108
f 188/155/107 187/154/106 190/157/109
f 191/158/110 187/154/106 189/156/108
f 187/154/106 191/158/110 192/159/110
f 193/160/66 194/161/53 195/162/53
f 195/162/53 194/161/53 196/163/111
f 197/164/56 198/165/112 199/166/112
f 198/165/112 197/164/56 200/167/112
f 201/168/113 202/169/114 203/170/113
f 202/169/114 201/168/113 204/171/113
f 205/172/113 201/168/113 203/170/113
f 206/173/113 201/168/113 205/172/113
f 207/174/73 208/175/75 209/176/73
f 208/175/75 207/174/73 210/177/75
f 211/178/75 207/174/73 209/176/73
f 209/176/73 212/179/75 211/178/75
f 213/180/115 214/70/115 215/69/115
f 214/70/115 213/180/115 216/181/115
f 217/162/116 218/182/60 219/183/116
f 218/182/60 217/162/116 220/163/58
f 221/94/63 222/95/63 223/96/63
f 223/96/63 222/95/63 224/97/63
f 225/184/117 226/185/118 227/186/118
f 226/185/118 225/184/117 228/187/117
f 225/184/117 229/188/119 228/187/117
f 230/189/120 229/188/119 225/184/117
f 230/189/120 231/190/121 229/188/119
f 231/190/121 230/189/120 232/191/122
f 232/191/122 233/192/123 231/190/121
f 233/192/123 232/191/122 234/193/124
f 235/194/125 233/192/123 234/193/124
f 233/192/123 235/194/125 236/195/125
f 235/194/125 237/196/126 236/195/125
f 237/196/126 235/194/125 238/197/126
f 239/176/127 240/198/127 241/199/128
f 240/198/127 239/176/127 242/175/127
f 243/200/127 239/176/127 241/199/128
f 239/176/127 243/200/127 244/179/127
f 245/201/129 246/202/130 247/203/131
f 246/202/130 245/201/129 248/204/132
f 247/203/131 249/205/133 245/201/129
f 250/206/134 249/205/133 247/203/131
f 251/160/53 252/161/53 253/162/53
f 253/162/53 252/161/53 254/163/53
f 255/129/135 256/207/135 257/208/135
f 255/129/135 257/208/135 258/132/136
f 259/13/93 260/14/95 261/140/94
f 261/140/94 260/14/95 262/141/95
f 263/209/137 264/210/138 265/211/137
f 265/211/137 264/210/138 266/212/137
f 267/129/139 268/208/139 269/207/139
f 268/208/139 267/129/139 270/132/140
f 271/213/141 272/214/141 273/215/141
f 274/216/142 275/217/142 276/218/142
f 276/218/142 277/219/143 274/216/142
f 278/216/144 279/219/144 280/220/144
f 281/221/145 282/222/145 283/223/145
f 284/224/115 285/225/146 286/160/115
f 286/160/115 285/225/146 287/161/147
f 288/162/58 289/163/78 290/183/58
f 290/183/58 289/163/78 291/182/59
f 292/226/148 293/222/148 294/227/148
f 295/221/148 294/227/148 293/222/148
f 296/228/149 297/229/150 298/217/150
f 296/228/149 299/226/151 297/229/150
f 296/228/149 298/217/150 300/216/150
f 299/226/151 296/228/149 301/222/151
f 300/216/150 302/230/151 296/228/149
f 302/230/151 301/222/151 296/228/149
f 302/230/151 300/216/150 303/220/151
f 301/222/151 302/230/151 304/223/152
f 305/213/153 306/215/153 307/214/153
f 308/88/154 309/231/155 310/232/155
f 309/231/155 308/88/154 311/89/156
f 312/131/157 313/233/158 314/234/157
f 313/233/158 312/131/157 315/130/157
f 316/13/96 317/14/95 318/140/94
f 318/140/94 317/14/95 319/141/95
f 320/94/63 321/95/63 322/96/63
f 322/96/63 321/95/63 323/97/63
f 324/235/159 325/236/160 326/237/160
f 325/236/160 324/235/159 327/238/161
f 328/239/162 327/238/161 324/235/159
f 327/238/161 328/239/162 329/240/162
f 330/241/163 329/240/162 328/239/162
f 329/240/162 330/241/163 331/242/164
f 332/243/165 331/242/164 330/241/163
f 331/242/164 332/243/165 333/244/165
f 334/131/166 335/233/166 336/130/166
f 335/233/166 334/131/166 337/234/166
f 338/232/63 339/245/63 340/246/63
f 339/245/63 338/232/63 341/231/63
f 342/247/167 343/248/168 344/249/167
f 343/248/168 342/247/167 345/250/168
f 346/251/169 347/252/170 348/253/171
f 348/253/171 347/252/170 349/254/172
f 350/255/173 347/252/170 346/251/169
f 347/252/170 350/255/173 351/256/174
f 352/248/175 353/247/175 354/249/175
f 353/247/175 352/248/175 355/250/176
f 356/183/156 357/182/154 358/257/154
f 358/257/154 357/182/154 359/258/154
f 360/259/177 361/260/177 362/261/178
f 361/260/177 363/262/178 362/261/178
f 364/263/178 362/261/178 363/262/178
f 362/261/178 364/263/178 365/264/178
f 366/265/54 367/266/54 368/267/56
f 367/266/54 366/265/54 369/268/54
f 367/266/54 370/269/179 368/267/56
f 370/269/179 367/266/54 371/270/57
f 372/271/180 373/272/180 374/273/180
f 373/272/180 372/271/180 375/274/181
f 376/275/147 377/276/146 378/98/115
f 378/98/115 377/276/146 379/99/115
f 380/140/182 381/141/182 382/180/182
f 382/180/182 381/141/182 383/181/183
f 384/277/184 385/273/184 386/278/184
f 385/273/184 384/277/184 387/271/185
f 388/11/186 389/12/187 390/13/187
f 390/13/187 389/12/187 391/14/186
f 392/279/188 393/280/189 394/281/189
f 393/280/189 392/279/188 395/282/190
f 396/283/191 397/284/177 398/278/177
f 399/277/192 398/278/177 397/284/177
f 397/284/177 396/283/191 400/285/191
f 399/277/192 397/284/177 401/286/177
f 396/283/191 402/287/177 400/285/191
f 403/288/178 399/277/192 401/286/177
f 402/287/177 396/283/191 404/282/192
f 405/289/178 403/288/178 401/286/177
f 404/282/192 406/279/177 402/287/177
f 407/290/177 403/288/178 405/289/178
f 406/279/177 403/288/178 407/290/177
f 402/287/177 406/279/177 407/290/177
f 408/281/193 409/291/194 410/292/193
f 409/291/194 408/281/193 411/280/195
f 412/293/196 413/294/196 414/295/196
f 412/293/196 414/295/196 415/296/197
f 416/11/7 417/12/7 418/13/8
f 418/13/8 417/12/7 419/14/7
f 420/297/198 421/274/198 422/298/198
f 421/274/198 420/297/198 423/272/199
f 424/299/200 425/300/200 426/301/200
f 424/299/200 426/301/200 427/302/200
f 428/303/191 429/293/191 430/304/178
f 429/293/191 428/303/191 431/294/201
f 432/305/201 433/306/178 434/307/191
f 434/307/191 435/308/191 432/305/201
f 435/308/191 436/309/191 432/305/201
f 435/308/191 437/310/178 436/309/191
f 438/311/191 436/309/191 437/310/178
f 436/309/191 438/311/191 439/312/178
f 440/122/155 441/121/155 442/94/155
f 442/94/155 441/121/155 443/95/156
f 444/313/202 445/304/202 446/314/202
f 445/304/202 444/313/202 447/303/202
f 448/143/183 449/144/183 450/275/182
f 450/275/182 449/144/183 451/276/183
f 452/315/203 453/316/204 454/317/204
f 453/316/204 452/315/203 455/318/203
f 453/316/204 456/319/205 454/317/204
f 457/320/205 454/317/204 456/319/205
f 458/318/206 459/321/206 460/322/207
f 459/321/206 461/323/208 460/322/207
f 462/315/209 459/321/206 458/318/206
f 461/323/208 459/321/206 463/324/210
f 459/321/206 462/315/209 464/325/209
f 459/321/206 465/326/210 463/324/210
f 466/327/209 459/321/206 464/325/209
f 465/326/210 459/321/206 467/328/211
f 459/321/206 466/327/209 468/329/212
f 468/329/212 467/328/211 459/321/206
f 469/330/213 470/329/214 471/327/214
f 469/330/213 471/327/214 472/331/213
f 472/331/213 473/332/215 469/330/213
f 473/332/215 472/331/213 474/333/215
f 475/301/216 476/299/216 477/302/216
f 476/299/216 475/301/216 478/300/216
f 479/334/217 480/335/218 481/336/219
f 479/334/217 481/336/219 482/337/220
f 480/335/218 483/338/221 481/336/219
f 484/339/222 483/338/221 480/335/218
f 485/340/223 483/338/221 484/339/222
f 483/338/221 485/340/223 486/341/224
f 487/342/225 486/341/224 485/340/223
f 486/341/224 487/342/225 488/343/226
f 489/344/227 488/343/226 487/342/225
f 488/343/226 489/344/227 490/345/227
f 491/324/227 492/346/228 493/323/229
f 492/346/228 491/324/227 494/347/227
f 495/348/230 494/347/227 491/324/227
f 491/324/227 496/326/231 495/348/230
f 497/349/232 498/292/232 499/291/232
f 498/292/232 497/349/232 500/350/232
f 501/351/178 502/352/178 503/353/201
f 502/352/178 501/351/178 504/354/178
f 501/351/178 503/353/201 505/355/191
f 506/356/191 505/355/191 503/353/201
f 503/353/201 502/352/178 507/357/191
f 508/358/191 506/356/191 503/353/201
f 509/359/201 503/353/201 507/357/191
f 508/358/191 503/353/201 509/359/201
f 509/359/201 507/357/191 510/360/191
f 509/359/201 511/361/178 508/358/191
f 512/362/178 509/359/201 510/360/191
f 511/361/178 509/359/201 512/362/178
f 513/363/178 514/364/191 515/365/178
f 514/364/191 516/366/191 515/365/178
f 517/367/178 514/364/191 513/363/178
f 514/364/191 518/220/191 516/366/191
f 517/367/178 519/368/178 514/364/191
f 518/220/191 514/364/191 520/230/191
f 519/368/178 520/230/191 514/364/191
f 519/368/178 521/223/201 520/230/191
f 522/369/233 523/370/234 524/371/235
f 523/370/234 522/369/233 525/372/234
f 526/373/236 527/374/237 528/375/238
f 527/374/237 526/373/236 529/376/239
f 526/373/236 528/375/238 530/377/240
f 528/375/238 531/378/241 530/377/240
f 532/379/241 530/377/240 531/378/241
f 533/380/242 527/374/237 529/376/239
f 533/380/242 534/381/243 527/374/237
f 534/381/243 533/380/242 535/382/243
f 536/383/244 537/384/245 538/385/246
f 537/384/245 536/383/244 539/386/244
f 540/387/247 541/388/248 542/389/248
f 542/389/248 541/388/248 543/390/248
f 544/391/249 545/392/249 546/393/249
f 545/392/249 544/391/249 547/394/249
f 547/394/249 548/298/249 545/392/249
f 548/298/249 547/394/249 549/297/249
f 550/395/250 551/396/251 552/397/252
f 550/395/250 553/398/253 551/396/251
f 554/399/252 550/395/250 552/397/252
f 555/400/252 550/395/250 554/399/252
f 556/385/249 557/401/249 558/402/249
f 557/401/249 556/385/249 559/384/249
f 560/403/249 561/390/249 562/404/249
f 561/390/249 560/403/249 563/389/249
f 564/384/254 565/383/255 566/385/255
f 565/383/255 564/384/254 567/386/255
f 568/389/256 569/390/257 570/388/257
f 568/389/256 570/388/257 571/387/258
f 572/405/259 573/406/249 574/407/249
f 573/406/249 572/405/259 575/408/249
f 576/409/249 572/405/259 574/407/249
f 572/405/259 576/409/249 577/410/249
f 572/405/259 577/410/249 578/411/249
f 579/412/249 578/411/249 577/410/249
f 579/412/249 580/413/249 578/411/249
f 581/414/249 580/413/249 579/412/249
f 579/412/249 582/415/259 581/414/249
f 583/215/249 581/414/249 582/415/259
f 583/215/249 582/415/259 584/416/249
f 584/416/249 582/415/259 585/417/259
f 586/418/249 585/417/259 582/415/259
f 584/416/249 585/417/259 587/419/249
f 588/420/249 585/417/259 586/418/249
f 587/419/249 585/417/259 589/421/249
f 588/420/249 589/421/249 585/417/259
f 590/422/260 591/215/260 592/214/261
f 591/215/260 590/422/260 593/414/260
f 594/423/262 595/408/262 596/424/262
f 595/408/262 594/423/262 597/406/263
f 598/369/264 599/370/265 600/372/266
f 599/370/265 598/369/264 601/371/265
f 602/425/267 603/426/268 604/427/267
f 603/426/268 602/425/267 605/428/267
f 606/429/217 607/430/217 608/431/217
f 607/430/217 606/429/217 609/432/220
f 610/300/269 611/433/269 612/434/269
f 611/433/269 610/300/269 613/299/269
f 614/296/249 615/295/249 616/435/249
f 617/436/249 616/435/249 615/295/249
f 618/168/220 619/437/217 620/171/220
f 619/437/217 618/168/220 621/438/220
f 622/173/217 621/438/220 618/168/220
f 622/173/217 623/439/220 621/438/220
f 624/440/270 625/433/271 626/441/271
f 625/433/271 624/440/270 627/434/272
f 628/442/273 629/443/274 630/444/274
f 629/443/274 628/442/273 631/445/274
f 632/88/154 633/89/154 634/232/155
f 634/232/155 633/89/154 635/231/154
f 636/424/275 637/408/275 638/446/276
f 636/424/275 638/446/276 639/447/277
f 640/224/115 641/161/278 642/160/115
f 641/161/278 640/224/115 643/225/147
f 644/122/155 645/121/155 646/94/156
f 646/94/156 645/121/155 647/95/155
f 648/448/279 649/449/280 650/450/281
f 649/449/280 648/448/279 651/451/280
f 652/452/282 649/449/280 651/451/280
f 649/449/280 652/452/282 653/453/283
f 654/454/284 653/453/283 652/452/282
f 653/453/283 654/454/284 655/455/285
f 654/454/284 656/456/286 655/455/285
f 656/456/286 654/454/284 657/457/287
f 658/458/288 656/456/286 657/457/287
f 656/456/286 658/458/288 659/459/289
f 659/459/289 658/458/288 660/460/290
f 660/460/290 658/458/288 661/461/291
f 660/460/290 661/461/291 662/462/292
f 662/462/292 661/461/291 663/463/292
f 662/462/292 663/463/292 664/464/293
f 664/464/293 663/463/292 665/465/294
f 666/86/60 667/87/60 668/88/60
f 668/88/60 667/87/60 669/89/60
f 670/132/249 671/208/249 672/466/249
f 673/233/249 670/132/249 672/466/249
f 673/233/249 674/130/249 670/132/249
f 675/373/295 676/467/296 677/375/297
f 676/467/296 678/378/298 677/375/297
f 678/378/298 676/467/296 679/379/298
f 677/375/297 680/374/299 675/373/295
f 675/373/295 680/374/299 681/468/223
f 682/469/300 681/468/223 680/374/299
f 680/374/299 683/381/301 682/469/300
f 684/382/301 682/469/300 683/381/301
f 685/185/302 686/470/303 687/186/302
f 686/470/303 685/185/302 688/471/303
f 689/472/217 690/444/220 691/473/217
f 690/444/220 689/472/217 692/442/217
f 693/474/304 694/405/305 695/407/305
f 694/405/305 693/474/304 696/408/306
f 697/423/307 696/408/306 693/474/304
f 696/408/306 697/423/307 698/424/307
f 699/475/308 700/476/308 701/477/308
f 700/476/308 699/475/308 702/478/308
f 701/477/308 700/476/308 703/350/308
f 703/350/308 704/349/308 701/477/308
f 705/401/308 706/385/308 707/402/309
f 706/385/308 705/401/308 708/384/308
f 709/403/308 710/390/308 711/389/308
f 710/390/308 709/403/308 712/404/308
f 713/409/310 714/407/310 715/405/310
f 715/405/310 716/410/310 713/409/310
f 717/215/311 718/414/312 719/422/313
f 717/215/311 719/422/313 720/214/313
f 721/479/308 722/480/308 723/481/314
f 722/480/308 724/482/308 723/481/314
f 725/483/308 721/479/308 723/481/314
f 724/482/308 726/484/308 723/481/314
f 727/485/308 725/483/308 723/481/314
f 726/484/308 728/486/308 723/481/314
f 729/487/308 727/485/308 723/481/314
f 728/486/308 729/487/308 723/481/314
f 730/415/314 731/417/314 732/418/308
f 731/417/314 733/420/308 732/418/308
f 733/420/308 731/417/314 734/488/308
f 731/417/314 735/419/308 734/488/308
f 731/417/314 736/489/308 735/419/308
f 730/415/314 736/489/308 731/417/314
f 730/415/314 737/215/308 736/489/308
f 737/215/308 730/415/314 738/414/308
f 730/415/314 739/412/308 738/414/308
f 740/413/308 738/414/308 739/412/308
f 739/412/308 741/411/308 740/413/308
f 742/490/217 743/491/217 744/492/217
f 743/491/217 742/490/217 745/493/217
f 746/494/308 747/495/308 748/496/314
f 747/495/308 749/497/308 748/496/314
f 750/498/308 746/494/308 748/496/314
f 749/497/308 751/499/308 748/496/314
f 752/500/308 750/498/308 748/496/314
f 751/499/308 753/501/308 748/496/314
f 754/502/308 752/500/308 748/496/314
f 753/501/308 754/502/308 748/496/314
f 755/410/315 756/405/315 757/411/315
f 757/411/315 758/412/315 755/410/315
f 759/503/316 760/504/317 761/505/318
f 760/504/317 759/503/316 762/506/316
f 763/424/319 764/446/320 765/408/320
f 764/446/320 763/424/319 766/447/319
f 767/507/321 768/508/322 769/509/323
f 770/510/324 769/509/323 768/508/322
f 768/508/322 767/507/321 771/511/325
f 772/512/326 770/510/324 768/508/322
f 770/510/324 772/512/326 773/513/327
f 771/511/325 774/514/328 768/508/322
f 768/508/322 774/514/328 772/512/326
f 774/514/328 771/511/325 775/515/329
f 773/513/327 772/512/326 776/516/330
f 774/514/328 776/516/330 772/512/326
f 775/515/329 777/517/331 774/514/328
f 774/514/328 777/517/331 776/516/330
f 777/517/331 775/515/329 778/518/332
f 778/518/332 779/519/333 777/517/331
f 777/517/331 779/519/333 776/516/330
f 779/519/333 778/518/332 780/520/334
f 773/513/327 776/516/330 781/521/259
f 779/519/333 781/521/259 776/516/330
f 781/521/259 782/522/335 773/513/327
f 780/520/334 783/523/336 779/519/333
f 783/523/336 781/521/259 779/519/333
f 783/523/336 780/520/334 784/524/337
f 785/525/338 782/522/335 781/521/259
f 783/523/336 785/525/338 781/521/259
f 784/524/337 785/525/338 783/523/336
f 782/522/335 785/525/338 786/526/339
f 785/525/338 784/524/337 787/527/340
f 787/527/340 786/526/339 785/525/338
f 786/526/339 787/527/340 788/528/341
f 789/300/342 790/433/342 791/299/342
f 790/433/342 789/300/342 792/434/342
f 793/472/343 794/529/344 795/530/343
f 794/529/344 793/472/343 796/473/343
f 797/433/345 798/434/346 799/440/345
f 797/433/345 799/440/345 800/441/345
f 801/531/308 802/532/308 803/533/314
f 802/532/308 804/534/308 803/533/314
f 805/535/308 801/531/308 803/533/314
f 804/534/308 806/536/308 803/533/314
f 807/537/308 805/535/308 803/533/314
f 806/536/308 808/538/308 803/533/314
f 809/539/308 807/537/308 803/533/314
f 808/538/308 809/539/308 803/533/314
f 810/540/308 811/313/308 812/314/308
f 811/313/308 810/540/308 813/541/308
f 814/542/347 815/91/347 816/93/348
f 815/91/347 814/542/347 817/543/348
f 818/531/308 819/532/308 820/533/314
f 819/532/308 821/534/308 820/533/314
f 822/535/308 818/531/308 820/533/314
f 821/534/308 823/536/308 820/533/314
f 824/537/308 822/535/308 820/533/314
f 823/536/308 825/538/308 820/533/314
f 826/539/308 824/537/308 820/533/314
f 825/538/308 826/539/308 820/533/314
f 827/122/155 828/95/155 829/94/349
f 828/95/155 827/122/155 830/121/156
f 831/494/308 832/495/308 833/496/314
f 832/495/308 834/497/308 833/496/314
f 835/498/308 831/494/308 833/496/314
f 834/497/308 836/499/308 833/496/314
f 837/500/308 835/498/308 833/496/314
f 836/499/308 838/501/308 833/496/314
f 839/502/308 837/500/308 833/496/314
f 838/501/308 839/502/308 833/496/314
f 840/494/308 841/495/308 842/496/314
f 841/495/308 843/497/308 842/496/314
f 844/498/308 840/494/308 842/496/314
f 843/497/308 845/499/308 842/496/314
f 846/500/308 844/498/308 842/496/314
f 845/499/308 847/501/308 842/496/314
f 848/502/308 846/500/308 842/496/314
f 847/501/308 848/502/308 842/496/314
f 849/479/308 850/480/308 851/481/314
f 850/480/308 852/482/308 851/481/314
f 853/483/308 849/479/308 851/481/314
f 852/482/308 854/484/308 851/481/314
f 855/485/308 853/483/308 851/481/314
f 854/484/308 856/486/308 851/481/314
f 857/487/308 855/485/308 851/481/314
f 856/486/308 857/487/308 851/481/314
f 858/479/308 859/480/308 860/481/314
f 859/480/308 861/482/308 860/481/314
f 862/483/308 858/479/308 860/481/314
f 861/482/308 863/484/308 860/481/314
f 864/485/308 862/483/308 860/481/314
f 863/484/308 865/486/308 860/481/314
f 866/487/308 864/485/308 860/481/314
f 865/486/308 866/487/308 860/481/314
f 867/543/350 868/544/350 869/91/350
f 870/132/308 871/466/308 872/208/308
f 873/233/308 871/466/308 870/132/308
f 873/233/308 870/132/308 874/130/308
f 875/545/351 876/546/352 877/547/351
f 878/548/353 877/547/351 876/546/352
f 879/479/308 880/480/308 881/481/314
f 880/480/308 882/482/308 881/481/314
f 883/483/308 879/479/308 881/481/314
f 882/482/308 884/484/308 881/481/314
f 885/485/308 883/483/308 881/481/314
f 884/484/308 886/486/308 881/481/314
f 887/487/308 885/485/308 881/481/314
f 886/486/308 887/487/308 881/481/314
f 888/232/63 889/231/63 890/246/63
f 890/246/63 889/231/63 891/245/354
f 892/549/355 893/550/356 894/551/357
f 893/550/356 892/549/355 895/552/358
f 895/552/358 892/549/355 896/553/359
f 894/551/357 897/554/360 892/549/355
f 897/554/360 894/551/357 898/555/361
f 897/554/360 898/555/361 899/556/362
f 897/554/360 899/556/362 900/557/363
f 901/558/364 900/557/363 899/556/362
f 900/557/363 901/558/364 902/559/365
f 902/559/365 901/558/364 903/560/366
f 903/560/366 901/558/364 904/561/367
f 901/558/364 905/562/368 904/561/367
f 904/561/367 905/562/368 906/563/369
f 905/562/368 907/564/370 906/563/369
f 907/564/370 905/562/368 908/565/370
f 909/566/249 910/378/249 911/375/249
f 910/378/249 909/566/249 912/567/249
f 911/375/249 913/568/249 909/566/249
f 913/568/249 911/375/249 914/374/249
f 914/374/249 915/381/249 913/568/249
f 913/568/249 915/381/249 916/569/249
f 917/570/371 918/571/372 919/572/373
f 919/572/373 920/573/374 917/570/371
f 920/573/374 919/572/373 921/574/375
f 922/575/376 917/570/371 920/573/374
f 917/570/371 922/575/376 923/576/377
f 923/576/377 922/575/376 924/577/378
f 924/577/378 922/575/376 925/578/379
f 926/579/380 923/576/377 924/577/378
f 927/580/381 928/581/382 929/582/381
f 927/580/381 929/582/381 930/583/383
f 931/584/249 932/585/249 933/586/249
f 932/585/249 931/584/249 934/587/249
f 935/122/349 936/121/155 937/94/155
f 937/94/155 936/121/155 938/95/155
f 939/588/384 940/589/385 941/590/386
f 940/589/385 939/588/384 942/591/387
f 943/592/388 942/591/387 939/588/384
f 942/591/387 943/592/388 944/593/388
f 945/98/53 946/99/53 947/86/53
f 947/86/53 946/99/53 948/87/65
f 949/507/389 950/508/390 951/511/391
f 950/508/390 949/507/389 952/509/392
f 950/508/390 952/509/392 953/510/393
f 954/514/394 951/511/391 950/508/390
f 950/508/390 953/510/393 955/512/395
f 950/508/390 955/512/395 954/514/394
f 953/510/393 956/513/396 955/512/395
f 951/511/391 954/514/394 957/515/397
f 958/517/398 957/515/397 954/514/394
f 957/515/397 958/517/398 959/518/399
f 960/516/400 954/514/394 955/512/395
f 956/513/396 960/516/400 955/512/395
f 960/516/400 958/517/398 954/514/394
f 961/519/401 959/518/399 958/517/398
f 958/517/398 960/516/400 961/519/401
f 959/518/399 961/519/401 962/520/402
f 956/513/396 963/521/314 960/516/400
f 963/521/314 961/519/401 960/516/400
f 963/521/314 956/513/396 964/522/308
f 965/523/403 962/520/402 961/519/401
f 961/519/401 963/521/314 965/523/403
f 962/520/402 965/523/403 966/524/404
f 964/522/308 967/525/405 963/521/314
f 965/523/403 963/521/314 967/525/405
f 967/525/405 966/524/404 965/523/403
f 967/525/405 964/522/308 968/526/406
f 966/524/404 967/525/405 969/527/407
f 968/526/406 969/527/407 967/525/405
f 969/527/407 968/526/406 970/528/408
f 971/594/249 972/595/249 973/596/249
f 972/595/249 971/594/249 974/597/249
f 973/596/249 975/598/249 971/594/249
f 975/598/249 973/596/249 976/599/249
f 977/600/249 975/598/249 976/599/249
f 978/601/249 975/598/249 977/600/249
f 979/602/249 978/601/249 977/600/249
f 980/603/409 978/601/249 979/602/249
f 981/13/93 982/14/93 983/140/93
f 983/140/93 982/14/93 984/141/93
f 985/604/249 986/605/249 987/606/249
f 985/604/249 988/607/249 986/605/249
f 989/608/249 988/607/249 985/604/249
f 990/609/249 988/607/249 989/608/249
f 990/609/249 991/610/249 988/607/249
f 992/611/410 993/542/410 994/93/410
f 995/180/115 996/181/115 997/69/115
f 997/69/115 996/181/115 998/70/115
f 999/612/217 1000/613/217 1001/614/217
f 1000/613/217 999/612/217 1002/615/411
f 1003/616/217 999/612/217 1001/614/217
f 1003/616/217 1004/617/411 999/612/217
f 1005/618/412 1006/619/413 1007/620/413
f 1007/620/413 1006/619/413 1008/621/413
f 1009/622/249 1010/623/249 1011/624/249
f 1010/623/249 1012/625/249 1011/624/249
f 1013/626/249 1011/624/249 1012/625/249
f 1012/625/249 1014/627/249 1013/626/249
f 1015/628/414 1016/629/415 1017/630/416
f 1018/631/416 1017/630/416 1016/629/415
f 1015/628/414 1019/589/417 1016/629/415
f 1019/589/417 1015/628/414 1020/590/418
f 1021/479/308 1022/480/308 1023/481/314
f 1022/480/308 1024/482/308 1023/481/314
f 1025/483/308 1021/479/308 1023/481/314
f 1024/482/308 1026/484/308 1023/481/314
f 1027/485/308 1025/483/308 1023/481/314
f 1026/484/308 1028/486/308 1023/481/314
f 1029/487/308 1027/485/308 1023/481/314
f 1028/486/308 1029/487/308 1023/481/314
f 1030/549/419 1031/552/420 1032/553/421
f 1030/549/419 1033/550/422 1031/552/420
f 1033/550/422 1030/549/419 1034/551/423
f 1035/554/424 1034/551/423 1030/549/419
f 1035/554/424 1036/555/425 1034/551/423
f 1037/556/426 1036/555/425 1035/554/424
f 1038/557/427 1037/556/426 1035/554/424
f 1039/558/428 1037/556/426 1038/557/427
f 1038/557/427 1040/559/429 1039/558/428
f 1039/558/428 1040/559/429 1041/560/430
f 1041/560/430 1042/561/431 1039/558/428
f 1042/561/431 1043/562/432 1039/558/428
f 1043/562/432 1042/561/431 1044/563/433
f 1045/564/434 1043/562/432 1044/563/433
f 1043/562/432 1045/564/434 1046/565/434
f 1047/566/308 1048/378/308 1049/567/308
f 1048/378/308 1047/566/308 1050/375/308
f 1051/568/308 1050/375/308 1047/566/308
f 1050/375/308 1051/568/308 1052/374/308
f 1053/381/308 1052/374/308 1051/568/308
f 1053/381/308 1051/568/308 1054/569/308
f 1055/632/435 1056/633/436 1057/634/437
f 1055/632/435 1058/635/438 1056/633/436
f 1059/636/439 1056/633/436 1058/635/438
f 1058/635/438 1055/632/435 1060/637/438
f 1055/632/435 1057/634/437 1061/638/440
f 1057/634/437 1062/639/441 1061/638/440
f 1061/638/440 1062/639/441 1063/640/442
f 1062/639/441 1057/634/437 1064/641/443
f 1065/642/182 1066/225/444 1067/224/444
f 1066/225/444 1065/642/182 1068/643/182
f 1069/644/308 1070/645/309 1071/646/308
f 1069/644/308 1071/646/308 1072/647/308
f 1073/183/156 1074/258/156 1075/257/349
f 1074/258/156 1073/183/156 1076/182/349
f 1077/648/308 1078/649/308 1079/650/308
f 1080/651/308 1079/650/308 1078/649/308
f 1079/650/308 1081/652/308 1077/648/308
f 1077/648/308 1081/652/308 1082/653/308
f 1081/652/308 1083/654/308 1082/653/308
f 1083/654/308 1081/652/308 1084/655/308
f 1084/655/308 1085/656/308 1083/654/308
f 1085/656/308 1084/655/308 1086/657/308
f 1087/94/445 1088/95/445 1089/96/445
f 1089/96/445 1088/95/445 1090/97/445
f 1091/71/78 1092/72/59 1093/122/59
f 1093/122/59 1092/72/59 1094/121/78
f 1095/604/308 1096/606/308 1097/605/308
f 1095/604/308 1097/605/308 1098/658/308
f 1099/608/308 1100/604/308 1101/658/308
f 1102/609/308 1099/608/308 1101/658/308
f 1103/609/308 1104/658/308 1105/610/308
f 1106/623/308 1107/622/308 1108/624/308
f 1106/623/308 1108/624/308 1109/625/308
f 1109/625/308 1108/624/308 1110/626/308
f 1111/627/308 1109/625/308 1110/626/308
f 1112/136/8 1113/137/85 1114/138/7
f 1114/138/7 1113/137/85 1115/139/85
f 1116/140/183 1117/181/182 1118/180/182
f 1117/181/182 1116/140/183 1119/141/182
f 1120/659/446 1121/593/447 1122/592/448
f 1121/593/447 1120/659/446 1123/660/449
f 1124/661/450 1123/660/449 1120/659/446
f 1123/660/449 1124/661/450 1125/662/451
f 1126/566/452 1127/663/453 1128/664/452
f 1128/664/452 1129/567/454 1126/566/452
f 1129/567/454 1128/664/452 1130/665/455
f 1127/663/453 1126/566/452 1131/568/453
f 1131/568/453 1132/569/456 1127/663/453
f 1127/663/453 1132/569/456 1133/666/457
f 1134/667/192 1135/668/192 1136/669/177
f 1136/669/177 1137/670/192 1134/667/192
f 1138/671/458 1139/672/459 1140/404/460
f 1140/404/460 1139/672/459 1141/403/459
f 1142/673/461 1143/402/462 1144/401/463
f 1143/402/462 1142/673/461 1145/674/462
f 1146/275/146 1147/99/115 1148/98/115
f 1147/99/115 1146/275/146 1149/276/115
f 1150/404/464 1151/403/465 1152/672/466
f 1150/404/464 1152/672/466 1153/671/467
f 1154/402/468 1155/673/469 1156/401/470
f 1155/673/469 1154/402/468 1157/674/468
f 1158/140/444 1159/181/444 1160/180/471
f 1159/181/444 1158/140/444 1161/141/444
f 1162/663/472 1163/566/473 1164/664/473
f 1163/566/473 1165/567/474 1164/664/473
f 1166/665/474 1164/664/473 1165/567/474
f 1167/568/472 1163/566/473 1162/663/472
f 1162/663/472 1168/569/475 1167/568/472
f 1168/569/475 1162/663/472 1169/666/475
f 1170/675/476 1171/466/476 1172/676/476
f 1171/466/476 1170/675/476 1173/233/476
f 1174/677/477 1175/678/477 1176/679/477
f 1174/677/477 1176/679/477 1177/680/477
f 1178/681/478 1179/682/478 1180/683/478
f 1178/681/478 1181/684/478 1179/682/478
f 1182/685/479 1183/681/479 1184/686/479
f 1184/686/479 1183/681/479 1185/683/479
f 1186/207/480 1187/676/481 1188/466/481
f 1186/207/480 1188/466/481 1189/208/480
f 1190/138/95 1191/139/94 1192/143/95
f 1192/143/95 1191/139/94 1193/144/94
f 1194/687/482 1195/688/132 1196/689/130
f 1194/687/482 1196/689/130 1197/690/483
f 1198/140/444 1199/141/444 1200/180/444
f 1200/180/444 1199/141/444 1201/181/471
f 1202/257/484 1203/258/63 1204/691/63
f 1204/691/63 1203/258/63 1205/692/63
f 1206/143/471 1207/144/444 1208/275/182
f 1208/275/182 1207/144/444 1209/276/444
f 1210/693/217 1211/694/220 1212/695/217
f 1211/694/220 1210/693/217 1213/696/411
f 1214/697/217 1210/693/217 1212/695/217
f 1210/693/217 1214/697/217 1215/698/411
f 1216/675/485 1217/466/485 1218/233/485
f 1217/466/485 1216/675/485 1219/676/485
f 1220/699/486 1221/700/487 1222/701/487
f 1221/700/487 1220/699/486 1223/702/486
f 1224/630/488 1225/631/488 1226/703/489
f 1227/704/490 1226/703/489 1225/631/488
f 1226/703/489 1227/704/490 1228/705/491
f 1229/706/492 1228/705/491 1227/704/490
f 1228/705/491 1229/706/492 1230/707/493
f 1231/708/494 1230/707/493 1229/706/492
f 1232/709/495 1230/707/493 1231/708/494
f 1233/710/496 1232/709/495 1231/708/494
f 1234/711/497 1235/712/498 1236/713/498
f 1234/711/497 1236/713/498 1237/714/497
f 1237/714/497 1238/715/499 1234/711/497
f 1238/715/499 1237/714/497 1239/716/500
f 1240/717/501 1241/718/502 1242/719/501
f 1243/720/502 1242/719/501 1241/718/502
f 1241/718/502 1244/721/503 1243/720/502
f 1245/722/504 1243/720/502 1244/721/503
f 1246/723/505 1247/724/506 1248/716/507
f 1247/724/506 1249/715/507 1248/716/507
f 1247/724/506 1246/723/505 1250/684/508
f 1249/715/507 1247/724/506 1251/725/509
f 1247/724/506 1250/684/508 1252/681/508
f 1247/724/506 1253/721/510 1251/725/509
f 1254/685/511 1247/724/506 1252/681/508
f 1253/721/510 1247/724/506 1255/722/512
f 1256/726/513 1247/724/506 1254/685/511
f 1256/726/513 1255/722/512 1247/724/506
f 1257/727/514 1258/619/514 1259/618/515
f 1258/619/514 1257/727/514 1260/728/516
f 1261/466/517 1262/207/517 1263/208/518
f 1264/676/517 1262/207/517 1261/466/517
f 1265/700/519 1266/702/519 1267/699/520
f 1265/700/519 1267/699/520 1268/701/519
f 1269/729/521 1270/730/522 1271/731/523
f 1270/730/522 1269/729/521 1272/732/524
f 1273/662/525 1272/732/524 1269/729/521
f 1272/732/524 1273/662/525 1274/661/525
f 1275/733/217 1276/734/220 1277/735/220
f 1276/734/220 1275/733/217 1278/736/220
f 1279/737/217 1277/735/220 1276/734/220
f 1277/735/220 1279/737/217 1280/738/217
f 1281/739/526 1282/740/526 1283/123/527
f 1283/123/527 1282/740/526 1284/126/527
f 1285/741/528 1282/740/526 1281/739/526
f 1282/740/526 1285/741/528 1286/742/528
f 1287/743/529 1286/742/528 1285/741/528
f 1286/742/528 1287/743/529 1288/744/530
f 1287/743/529 1289/745/531 1288/744/530
f 1290/746/531 1289/745/531 1287/743/529
f 1290/746/531 1291/747/532 1289/745/531
f 1291/747/532 1290/746/531 1292/748/532
f 1291/747/532 1292/748/532 1293/749/533
f 1293/749/533 1292/748/532 1294/750/534
f 1295/88/155 1296/231/155 1297/232/155
f 1296/231/155 1295/88/155 1298/89/155
f 1299/751/535 1300/752/535 1301/753/536
f 1299/751/535 1302/754/537 1300/752/535
f 1303/675/538 1304/234/538 1305/233/538
f 1306/140/471 1307/141/471 1308/180/444
f 1308/180/444 1307/141/471 1309/181/471
f 1310/755/539 1311/756/540 1312/757/540
f 1310/755/539 1312/757/540 1313/758/540
f 1311/756/540 1310/755/539 1314/759/541
f 1315/760/539 1314/759/541 1310/755/539
f 1316/69/53 1317/70/65 1318/71/53
f 1318/71/53 1317/70/65 1319/72/65
f 1320/675/542 1321/233/542 1322/234/542
f 1323/69/543 1324/70/65 1325/71/66
f 1325/71/66 1324/70/65 1326/72/65
f 1327/122/544 1328/121/156 1329/94/156
f 1329/94/156 1328/121/156 1330/95/156
f 1331/232/354 1332/231/63 1333/246/64
f 1333/246/64 1332/231/63 1334/245/64
f 1335/761/545 1336/762/72 1337/763/546
f 1337/763/546 1338/764/545 1335/761/545
f 1339/765/547 1335/761/545 1338/764/545
f 1338/764/545 1340/766/547 1339/765/547
f 1341/642/182 1342/643/182 1343/224/183
f 1343/224/183 1342/643/182 1344/225/182
f 1345/275/115 1346/276/278 1347/98/146
f 1347/98/146 1346/276/278 1348/99/115
f 1349/767/548 1350/768/548 1351/769/549
f 1349/767/548 1351/769/549 1352/770/550
f 1350/768/548 1349/767/548 1353/771/548
f 1354/772/549 1353/771/548 1349/767/548
f 1355/773/192 1356/727/192 1357/774/551
f 1356/727/192 1355/773/192 1358/728/177
f 1359/209/552 1360/775/552 1361/210/552
f 1360/775/552 1359/209/552 1362/776/552
f 1363/180/115 1364/181/115 1365/69/115
f 1365/69/115 1364/181/115 1366/70/146
f 1367/777/553 1368/778/554 1369/779/555
f 1368/778/554 1367/777/553 1370/780/553
f 1371/781/56 1369/779/555 1368/778/554
f 1369/779/555 1371/781/56 1372/782/179
f 1371/781/56 1373/783/556 1372/782/179
f 1373/783/556 1371/781/56 1374/784/557
f 1374/784/557 1375/785/558 1373/783/556
f 1375/785/558 1374/784/557 1376/786/559
f 1377/71/60 1378/72/60 1379/122/60
f 1379/122/60 1378/72/60 1380/121/59
f 1381/143/183 1382/276/183 1383/275/183
f 1382/276/183 1381/143/183 1384/144/183
f 1385/787/95 1386/788/560 1387/642/95
f 1387/642/95 1386/788/560 1388/643/94
f 1389/257/63 1390/258/63 1391/691/445
f 1391/691/445 1390/258/63 1392/692/445
f 1393/756/561 1394/789/562 1395/790/561
f 1393/756/561 1395/790/561 1396/757/563
f 1397/791/564 1394/789/562 1393/756/561
f 1398/759/565 1397/791/564 1393/756/561
f 1399/71/566 1400/72/58 1401/122/566
f 1401/122/566 1400/72/58 1402/121/566
f 1403/792/8 1404/793/7 1405/787/7
f 1405/787/7 1404/793/7 1406/788/8
f 1407/749/567 1408/750/568 1409/794/567
f 1409/794/567 1410/795/569 1407/749/567
f 1411/796/547 1412/797/70 1413/798/70
f 1411/796/547 1414/799/71 1412/797/70
f 1415/180/146 1416/181/115 1417/69/115
f 1417/69/115 1416/181/115 1418/70/146
f 1419/787/93 1420/788/95 1421/642/95
f 1421/642/95 1420/788/95 1422/643/94
f 1423/94/63 1424/97/63 1425/96/63
f 1424/97/63 1423/94/63 1426/95/63
f 1427/800/570 1428/801/570 1429/802/570
f 1428/801/570 1427/800/570 1430/803/570
f 1431/804/71 1432/803/71 1433/800/547
f 1432/803/71 1431/804/71 1434/805/70
f 1435/792/8 1436/793/7 1437/787/85
f 1437/787/85 1436/793/7 1438/788/8
f 1439/86/60 1440/87/60 1441/88/60
f 1441/88/60 1440/87/60 1442/89/59
f 1443/806/571 1444/801/571 1445/807/572
f 1446/808/573 1444/801/571 1443/806/571
f 1444/801/571 1446/808/573 1447/802/574
f 1448/809/575 1447/802/574 1446/808/573
f 1449/71/78 1450/72/59 1451/122/60
f 1451/122/60 1450/72/59 1452/121/78
f 1453/98/53 1454/99/53 1455/86/53
f 1455/86/53 1454/99/53 1456/87/53
f 1457/69/53 1458/70/53 1459/71/53
f 1459/71/53 1458/70/53 1460/72/53
f 1461/13/94 1462/141/95 1463/140/94
f 1462/141/95 1461/13/94 1464/14/93
f 1465/810/576 1466/811/577 1467/812/578
f 1466/811/577 1465/810/576 1468/813/579
f 1466/811/577 1469/814/580 1467/812/578
f 1469/814/580 1466/811/577 1470/815/581
f 1471/136/8 1472/139/7 1473/138/7
f 1472/139/7 1471/136/8 1474/137/8
f 1475/180/278 1476/70/115 1477/69/115
f 1476/70/115 1475/180/278 1478/181/115
f 1479/138/93 1480/139/95 1481/143/94
f 1481/143/94 1480/139/95 1482/144/95
f 1483/11/8 1484/12/7 1485/13/8
f 1485/13/8 1484/12/7 1486/14/186
f 1487/69/66 1488/70/53 1489/71/53
f 1489/71/53 1488/70/53 1490/72/65
